timestamp,scenario,metric,value,label
2025-01-01 20:00:00.000,afib_miss,ecg_noise,0.052504490052958146,0
2025-01-01 20:00:01.000,afib_miss,ecg_noise,0.04141188917749494,0
2025-01-01 20:00:02.000,afib_miss,ecg_noise,0.05244595006064568,0
2025-01-01 20:00:03.000,afib_miss,ecg_noise,0.06086596058072776,0
2025-01-01 20:00:04.000,afib_miss,ecg_noise,0.050977201406514086,0
2025-01-01 20:00:05.000,afib_miss,ecg_noise,0.05081183382407765,0
2025-01-01 20:00:06.000,afib_miss,ecg_noise,0.035960166243864895,0
2025-01-01 20:00:07.000,afib_miss,ecg_noise,0.03674198164898104,0
2025-01-01 20:00:08.000,afib_miss,ecg_noise,0.021947894564006133,0
2025-01-01 20:00:09.000,afib_miss,ecg_noise,0.08499153486373878,0
2025-01-01 20:00:10.000,afib_miss,ecg_noise,0.025122735292174302,0
2025-01-01 20:00:11.000,afib_miss,ecg_noise,0.036141896044081856,0
2025-01-01 20:00:12.000,afib_miss,ecg_noise,0.03563185468861606,0
2025-01-01 20:00:13.000,afib_miss,ecg_noise,0.06789848753888883,0
2025-01-01 20:00:14.000,afib_miss,ecg_noise,0.04410100643415945,0
2025-01-01 20:00:15.000,afib_miss,ecg_noise,0.07495484145347468,0
2025-01-01 20:00:16.000,afib_miss,ecg_noise,0.03653018751512263,0
2025-01-01 20:00:17.000,afib_miss,ecg_noise,0.05557988324447604,0
2025-01-01 20:00:18.000,afib_miss,ecg_noise,0.03329305893480486,0
2025-01-01 20:00:19.000,afib_miss,ecg_noise,0.09290298255546778,0
2025-01-01 20:00:20.000,afib_miss,ecg_noise,0.026248031619409747,0
2025-01-01 20:00:21.000,afib_miss,ecg_noise,0.05619641420454055,0
2025-01-01 20:00:22.000,afib_miss,ecg_noise,0.06267553761864197,0
2025-01-01 20:00:23.000,afib_miss,ecg_noise,0.05827598194902997,0
2025-01-01 20:00:24.000,afib_miss,ecg_noise,0.04629424682244584,0
2025-01-01 20:00:25.000,afib_miss,ecg_noise,0.04740358600533148,0
2025-01-01 20:00:26.000,afib_miss,ecg_noise,0.05087622943958219,0
2025-01-01 20:00:27.000,afib_miss,ecg_noise,0.04705995996743023,0
2025-01-01 20:00:28.000,afib_miss,ecg_noise,0.0692775823358982,0
2025-01-01 20:00:29.000,afib_miss,ecg_noise,0.09421046003182704,0
2025-01-01 20:00:30.000,afib_miss,ecg_noise,0.03885016429984333,0
2025-01-01 20:00:31.000,afib_miss,ecg_noise,0.022603940408418444,0
2025-01-01 20:00:32.000,afib_miss,ecg_noise,0.048234359032974905,0
2025-01-01 20:00:33.000,afib_miss,ecg_noise,0.10159418675308637,0
2025-01-01 20:00:34.000,afib_miss,ecg_noise,0.03392650864060538,0
2025-01-01 20:00:35.000,afib_miss,ecg_noise,0.08278233610888136,0
2025-01-01 20:00:36.000,afib_miss,ecg_noise,0.08355401628152881,0
2025-01-01 20:00:37.000,afib_miss,ecg_noise,0.03892823516584011,0
2025-01-01 20:00:38.000,afib_miss,ecg_noise,0.06137966158370551,0
2025-01-01 20:00:39.000,afib_miss,ecg_noise,0.08256793246257077,0
2025-01-01 20:00:40.000,afib_miss,ecg_noise,0.04241744518025026,0
2025-01-01 20:00:41.000,afib_miss,ecg_noise,0.045928392797952765,0
2025-01-01 20:00:42.000,afib_miss,ecg_noise,0.03836638172102713,0
2025-01-01 20:00:43.000,afib_miss,ecg_noise,0.029704865386142663,0
2025-01-01 20:00:44.000,afib_miss,ecg_noise,0.03701444909867986,0
2025-01-01 20:00:45.000,afib_miss,ecg_noise,0.025521194664754873,0
2025-01-01 20:00:46.000,afib_miss,ecg_noise,0.05068166936518453,0
2025-01-01 20:00:47.000,afib_miss,ecg_noise,0.034600535378827166,0
2025-01-01 20:00:48.000,afib_miss,ecg_noise,0.054675718235814956,0
2025-01-01 20:00:49.000,afib_miss,ecg_noise,0.018882087075927458,0
2025-01-01 20:00:50.000,afib_miss,ecg_noise,0.056617604644289145,0
2025-01-01 20:00:51.000,afib_miss,ecg_noise,0.06667057923217849,0
2025-01-01 20:00:52.000,afib_miss,ecg_noise,0.010125287148570895,0
2025-01-01 20:00:53.000,afib_miss,ecg_noise,0.05748113139695145,0
2025-01-01 20:00:54.000,afib_miss,ecg_noise,0.07455337984946585,0
2025-01-01 20:00:55.000,afib_miss,ecg_noise,0.025807179626175892,0
2025-01-01 20:00:56.000,afib_miss,ecg_noise,0.08345144773675407,0
2025-01-01 20:00:57.000,afib_miss,ecg_noise,0.058380380187320904,0
2025-01-01 20:00:58.000,afib_miss,ecg_noise,0.03589976288483183,0
2025-01-01 20:00:59.000,afib_miss,ecg_noise,0.048884618446845884,0
2025-01-01 20:01:00.000,afib_miss,ecg_noise,0.06116653825043445,0
2025-01-01 20:01:01.000,afib_miss,ecg_noise,0.05152010782824823,0
2025-01-01 20:01:02.000,afib_miss,ecg_noise,0.06077511984892739,0
2025-01-01 20:01:03.000,afib_miss,ecg_noise,0.03158652813841267,0
2025-01-01 20:01:04.000,afib_miss,ecg_noise,0.05338721648072156,0
2025-01-01 20:01:05.000,afib_miss,ecg_noise,0.021725710061900397,0
2025-01-01 20:01:06.000,afib_miss,ecg_noise,0.047775478773025994,0
2025-01-01 20:01:07.000,afib_miss,ecg_noise,0.031921847170704204,0
2025-01-01 20:01:08.000,afib_miss,ecg_noise,0.03528940114820467,0
2025-01-01 20:01:09.000,afib_miss,ecg_noise,0.07472186350420876,0
2025-01-01 20:01:10.000,afib_miss,ecg_noise,0.07182620241188538,0
2025-01-01 20:01:11.000,afib_miss,ecg_noise,0.06218276241814354,0
2025-01-01 20:01:12.000,afib_miss,ecg_noise,0.028153744706548422,0
2025-01-01 20:01:13.000,afib_miss,ecg_noise,0.043671831006103966,0
2025-01-01 20:01:14.000,afib_miss,ecg_noise,0.07426195399958367,0
2025-01-01 20:01:15.000,afib_miss,ecg_noise,0.0528343382727981,0
2025-01-01 20:01:16.000,afib_miss,ecg_noise,0.09638659079963388,0
2025-01-01 20:01:17.000,afib_miss,ecg_noise,0.057866356787887444,0
2025-01-01 20:01:18.000,afib_miss,ecg_noise,0.053840982329800634,0
2025-01-01 20:01:19.000,afib_miss,ecg_noise,0.043817670715949976,0
2025-01-01 20:01:20.000,afib_miss,ecg_noise,0.05267081809564565,0
2025-01-01 20:01:21.000,afib_miss,ecg_noise,0.046950603272389126,0
2025-01-01 20:01:22.000,afib_miss,ecg_noise,0.06416217353377181,0
2025-01-01 20:01:23.000,afib_miss,ecg_noise,0.06913404633589168,0
2025-01-01 20:01:24.000,afib_miss,ecg_noise,0.03428021078984102,0
2025-01-01 20:01:25.000,afib_miss,ecg_noise,0.02337534092884444,0
2025-01-01 20:01:26.000,afib_miss,ecg_noise,0.01327589253793407,0
2025-01-01 20:01:27.000,afib_miss,ecg_noise,0.060159826538250874,0
2025-01-01 20:01:28.000,afib_miss,ecg_noise,0.02793266787652253,0
2025-01-01 20:01:29.000,afib_miss,ecg_noise,0.006942188140950344,0
2025-01-01 20:01:30.000,afib_miss,ecg_noise,0.05777157209061928,0
2025-01-01 20:01:31.000,afib_miss,ecg_noise,0.09985999034865581,0
2025-01-01 20:01:32.000,afib_miss,ecg_noise,0.04987858176920214,0
2025-01-01 20:01:33.000,afib_miss,ecg_noise,0.06676981548903284,0
2025-01-01 20:01:34.000,afib_miss,ecg_noise,0.051636587170951306,0
2025-01-01 20:01:35.000,afib_miss,ecg_noise,0.04802220693617715,0
2025-01-01 20:01:36.000,afib_miss,ecg_noise,0.06838152965975537,0
2025-01-01 20:01:37.000,afib_miss,ecg_noise,0.04419450911622698,0
2025-01-01 20:01:38.000,afib_miss,ecg_noise,0.05534784628143806,0
2025-01-01 20:01:39.000,afib_miss,ecg_noise,0.05643395612392028,0
2025-01-01 20:01:40.000,afib_miss,ecg_noise,0.036638190927139026,0
2025-01-01 20:01:41.000,afib_miss,ecg_noise,0.06984084699073045,0
2025-01-01 20:01:42.000,afib_miss,ecg_noise,0.04650080486609183,0
2025-01-01 20:01:43.000,afib_miss,ecg_noise,0.03488509681014311,0
2025-01-01 20:01:44.000,afib_miss,ecg_noise,0.06073019687140807,0
2025-01-01 20:01:45.000,afib_miss,ecg_noise,0.032030640364179255,0
2025-01-01 20:01:46.000,afib_miss,ecg_noise,0.050563623147382566,0
2025-01-01 20:01:47.000,afib_miss,ecg_noise,0.04981762006711593,0
2025-01-01 20:01:48.000,afib_miss,ecg_noise,0.07171791131663156,0
2025-01-01 20:01:49.000,afib_miss,ecg_noise,0.059493964657599055,0
2025-01-01 20:01:50.000,afib_miss,ecg_noise,0.049499460825097125,0
2025-01-01 20:01:51.000,afib_miss,ecg_noise,0.06635532598400574,0
2025-01-01 20:01:52.000,afib_miss,ecg_noise,0.07780415098034626,0
2025-01-01 20:01:53.000,afib_miss,ecg_noise,0.061156206127037246,0
2025-01-01 20:01:54.000,afib_miss,ecg_noise,0.05020705239686762,0
2025-01-01 20:01:55.000,afib_miss,ecg_noise,0.023763275352996813,0
2025-01-01 20:01:56.000,afib_miss,ecg_noise,0.02869772673849255,0
2025-01-01 20:01:57.000,afib_miss,ecg_noise,0.04389550591290665,0
2025-01-01 20:01:58.000,afib_miss,ecg_noise,0.03780975595681434,0
2025-01-01 20:01:59.000,afib_miss,ecg_noise,0.04626057394029108,0
2025-01-01 20:02:00.000,afib_miss,ecg_noise,0.051132998497942145,0
2025-01-01 20:02:01.000,afib_miss,ecg_noise,0.06059385508713462,0
2025-01-01 20:02:02.000,afib_miss,ecg_noise,0.04859002443881818,0
2025-01-01 20:02:03.000,afib_miss,ecg_noise,0.05973003287652404,0
2025-01-01 20:02:04.000,afib_miss,ecg_noise,0.05128948829620241,0
2025-01-01 20:02:05.000,afib_miss,ecg_noise,0.010490668672922573,0
2025-01-01 20:02:06.000,afib_miss,ecg_noise,0.031213292123624916,0
2025-01-01 20:02:07.000,afib_miss,ecg_noise,0.04711824888556769,0
2025-01-01 20:02:08.000,afib_miss,ecg_noise,0.02580610514317785,0
2025-01-01 20:02:09.000,afib_miss,ecg_noise,0.0619985745999241,0
2025-01-01 20:02:10.000,afib_miss,ecg_noise,0.08061501664687395,0
2025-01-01 20:02:11.000,afib_miss,ecg_noise,0.07437523703394633,0
2025-01-01 20:02:12.000,afib_miss,ecg_noise,0.045731142581395844,0
2025-01-01 20:02:13.000,afib_miss,ecg_noise,0.07981452273699904,0
2025-01-01 20:02:14.000,afib_miss,ecg_noise,0.05297334914404223,0
2025-01-01 20:02:15.000,afib_miss,ecg_noise,0.04325828057763922,0
2025-01-01 20:02:16.000,afib_miss,ecg_noise,0.037731946729181204,0
2025-01-01 20:02:17.000,afib_miss,ecg_noise,0.04395060627023743,0
2025-01-01 20:02:18.000,afib_miss,ecg_noise,0.04223646362917543,0
2025-01-01 20:02:19.000,afib_miss,ecg_noise,0.05340832444750976,0
2025-01-01 20:02:20.000,afib_miss,ecg_noise,0.053211479620997294,0
2025-01-01 20:02:21.000,afib_miss,ecg_noise,0.05006092040306829,0
2025-01-01 20:02:22.000,afib_miss,ecg_noise,0.058738763394927,0
2025-01-01 20:02:23.000,afib_miss,ecg_noise,0.07381292549572682,0
2025-01-01 20:02:24.000,afib_miss,ecg_noise,0.06899108270882648,0
2025-01-01 20:02:25.000,afib_miss,ecg_noise,0.02030204063100193,0
2025-01-01 20:02:26.000,afib_miss,ecg_noise,0.0010784226980390943,0
2025-01-01 20:02:27.000,afib_miss,ecg_noise,0.06868639822478548,0
2025-01-01 20:02:28.000,afib_miss,ecg_noise,0.02266242603169158,0
2025-01-01 20:02:29.000,afib_miss,ecg_noise,0.045504691962146335,0
2025-01-01 20:02:30.000,afib_miss,ecg_noise,0.02659773947881281,0
2025-01-01 20:02:31.000,afib_miss,ecg_noise,0.013960391248399609,0
2025-01-01 20:02:32.000,afib_miss,ecg_noise,0.06082925456409576,0
2025-01-01 20:02:33.000,afib_miss,ecg_noise,0.06518310320605294,0
2025-01-01 20:02:34.000,afib_miss,ecg_noise,0.038469791985465615,0
2025-01-01 20:02:35.000,afib_miss,ecg_noise,0.0018208458428981972,0
2025-01-01 20:02:36.000,afib_miss,ecg_noise,0.039075111034950344,0
2025-01-01 20:02:37.000,afib_miss,ecg_noise,0.057836080108050934,0
2025-01-01 20:02:38.000,afib_miss,ecg_noise,0.020421768624517427,0
2025-01-01 20:02:39.000,afib_miss,ecg_noise,0.053667198395583114,0
2025-01-01 20:02:40.000,afib_miss,ecg_noise,0.04969380301654009,0
2025-01-01 20:02:41.000,afib_miss,ecg_noise,0.06158582999202177,0
2025-01-01 20:02:42.000,afib_miss,ecg_noise,0.05239160736828307,0
2025-01-01 20:02:43.000,afib_miss,ecg_noise,0.030538621182368893,0
2025-01-01 20:02:44.000,afib_miss,ecg_noise,0.07393143003328984,0
2025-01-01 20:02:45.000,afib_miss,ecg_noise,0.046829408539460604,0
2025-01-01 20:02:46.000,afib_miss,ecg_noise,0.04945390920980137,0
2025-01-01 20:02:47.000,afib_miss,ecg_noise,0.03133464081853608,0
2025-01-01 20:02:48.000,afib_miss,ecg_noise,0.041134354976169796,0
2025-01-01 20:02:49.000,afib_miss,ecg_noise,0.032303945719461984,0
2025-01-01 20:02:50.000,afib_miss,ecg_noise,0.04654107880153154,0
2025-01-01 20:02:51.000,afib_miss,ecg_noise,0.08423416960284688,0
2025-01-01 20:02:52.000,afib_miss,ecg_noise,0.022561977141372876,0
2025-01-01 20:02:53.000,afib_miss,ecg_noise,0.01772877204246518,0
2025-01-01 20:02:54.000,afib_miss,ecg_noise,0.07942340654987218,0
2025-01-01 20:02:55.000,afib_miss,ecg_noise,0.04581352645696268,0
2025-01-01 20:02:56.000,afib_miss,ecg_noise,0.03661854522680167,0
2025-01-01 20:02:57.000,afib_miss,ecg_noise,0.07079809374792154,0
2025-01-01 20:02:58.000,afib_miss,ecg_noise,0.03788768920526272,0
2025-01-01 20:02:59.000,afib_miss,ecg_noise,0.08652019427093872,0
2025-01-01 20:03:00.000,afib_miss,ecg_noise,0.06355851742678538,0
2025-01-01 20:03:01.000,afib_miss,ecg_noise,0.04024177183708595,0
2025-01-01 20:03:02.000,afib_miss,ecg_noise,0.09314616426531008,0
2025-01-01 20:03:03.000,afib_miss,ecg_noise,0.03788570153993323,0
2025-01-01 20:03:04.000,afib_miss,ecg_noise,0.06484190744018614,0
2025-01-01 20:03:05.000,afib_miss,ecg_noise,0.05598585160812984,0
2025-01-01 20:03:06.000,afib_miss,ecg_noise,0.07603482578797596,0
2025-01-01 20:03:07.000,afib_miss,ecg_noise,0.08123022393453705,0
2025-01-01 20:03:08.000,afib_miss,ecg_noise,0.05064008298131534,0
2025-01-01 20:03:09.000,afib_miss,ecg_noise,0.03493164259307634,0
2025-01-01 20:03:10.000,afib_miss,ecg_noise,0.05919944285878233,0
2025-01-01 20:03:11.000,afib_miss,ecg_noise,0.03644569260495788,0
2025-01-01 20:03:12.000,afib_miss,ecg_noise,0.09026774495053247,0
2025-01-01 20:03:13.000,afib_miss,ecg_noise,0.05273070662165475,0
2025-01-01 20:03:14.000,afib_miss,ecg_noise,0.042693568973757826,0
2025-01-01 20:03:15.000,afib_miss,ecg_noise,0.05369360611729817,0
2025-01-01 20:03:16.000,afib_miss,ecg_noise,0.023057474209406074,0
2025-01-01 20:03:17.000,afib_miss,ecg_noise,0.03056771922978697,0
2025-01-01 20:03:18.000,afib_miss,ecg_noise,0.07400827815888851,0
2025-01-01 20:03:19.000,afib_miss,ecg_noise,0.036862114420572085,0
2025-01-01 20:03:20.000,afib_miss,ecg_noise,0.02906178034636121,0
2025-01-01 20:03:21.000,afib_miss,ecg_noise,0.06073305505054573,0
2025-01-01 20:03:22.000,afib_miss,ecg_noise,0.07371408309325994,0
2025-01-01 20:03:23.000,afib_miss,ecg_noise,0.06437906621330133,0
2025-01-01 20:03:24.000,afib_miss,ecg_noise,0.06992095371611633,0
2025-01-01 20:03:25.000,afib_miss,ecg_noise,0.034864098228610786,0
2025-01-01 20:03:26.000,afib_miss,ecg_noise,0.021563786665163127,0
2025-01-01 20:03:27.000,afib_miss,ecg_noise,0.08002667303910974,0
2025-01-01 20:03:28.000,afib_miss,ecg_noise,0.04354640322315729,0
2025-01-01 20:03:29.000,afib_miss,ecg_noise,0.044983339670899056,0
2025-01-01 20:03:30.000,afib_miss,ecg_noise,0.07656388283698116,0
2025-01-01 20:03:31.000,afib_miss,ecg_noise,0.0611246001880132,0
2025-01-01 20:03:32.000,afib_miss,ecg_noise,0.059117755441632155,0
2025-01-01 20:03:33.000,afib_miss,ecg_noise,0.09330004689802168,0
2025-01-01 20:03:34.000,afib_miss,ecg_noise,0.037129635392397144,0
2025-01-01 20:03:35.000,afib_miss,ecg_noise,0.06855680256162475,0
2025-01-01 20:03:36.000,afib_miss,ecg_noise,0.051140262497941694,0
2025-01-01 20:03:37.000,afib_miss,ecg_noise,0.05537184557726514,0
2025-01-01 20:03:38.000,afib_miss,ecg_noise,0.08056936852825064,0
2025-01-01 20:03:39.000,afib_miss,ecg_noise,0.06015671512579248,0
2025-01-01 20:03:40.000,afib_miss,ecg_noise,0.060765921580992664,0
2025-01-01 20:03:41.000,afib_miss,ecg_noise,0.07145014674619604,0
2025-01-01 20:03:42.000,afib_miss,ecg_noise,0.042700945409142294,0
2025-01-01 20:03:43.000,afib_miss,ecg_noise,0.033215806653219875,0
2025-01-01 20:03:44.000,afib_miss,ecg_noise,0.02910381611957933,0
2025-01-01 20:03:45.000,afib_miss,ecg_noise,0.010672868212479966,0
2025-01-01 20:03:46.000,afib_miss,ecg_noise,0.09112414259880644,0
2025-01-01 20:03:47.000,afib_miss,ecg_noise,0.02793583268556634,0
2025-01-01 20:03:48.000,afib_miss,ecg_noise,0.04557492752828456,0
2025-01-01 20:03:49.000,afib_miss,ecg_noise,0.04446373400222159,0
2025-01-01 20:03:50.000,afib_miss,ecg_noise,0.05614813395618202,0
2025-01-01 20:03:51.000,afib_miss,ecg_noise,0.06631474425078594,0
2025-01-01 20:03:52.000,afib_miss,ecg_noise,0.06720946976719491,0
2025-01-01 20:03:53.000,afib_miss,ecg_noise,0.038338451228621236,0
2025-01-01 20:03:54.000,afib_miss,ecg_noise,0.04665756572427177,0
2025-01-01 20:03:55.000,afib_miss,ecg_noise,0.055651599009766,0
2025-01-01 20:03:56.000,afib_miss,ecg_noise,0.04502617747632906,0
2025-01-01 20:03:57.000,afib_miss,ecg_noise,0.08214691152039985,0
2025-01-01 20:03:58.000,afib_miss,ecg_noise,0.05981949903276503,0
2025-01-01 20:03:59.000,afib_miss,ecg_noise,0.06469755572099635,0
2025-01-01 20:04:00.000,afib_miss,ecg_noise,0.06325762537334825,0
2025-01-01 20:04:01.000,afib_miss,ecg_noise,0.0734694771497065,0
2025-01-01 20:04:02.000,afib_miss,ecg_noise,0.05362043117407414,0
2025-01-01 20:04:03.000,afib_miss,ecg_noise,0.02406336104088307,0
2025-01-01 20:04:04.000,afib_miss,ecg_noise,0.057993759035052835,0
2025-01-01 20:04:05.000,afib_miss,ecg_noise,0.036972862124163425,0
2025-01-01 20:04:06.000,afib_miss,ecg_noise,0.03942766636500487,0
2025-01-01 20:04:07.000,afib_miss,ecg_noise,0.06172728037510187,0
2025-01-01 20:04:08.000,afib_miss,ecg_noise,0.07476566142867272,0
2025-01-01 20:04:09.000,afib_miss,ecg_noise,0.05042543153472123,0
2025-01-01 20:04:10.000,afib_miss,ecg_noise,0.05617666025197928,0
2025-01-01 20:04:11.000,afib_miss,ecg_noise,0.08404429889270476,0
2025-01-01 20:04:12.000,afib_miss,ecg_noise,0.05481506358977137,0
2025-01-01 20:04:13.000,afib_miss,ecg_noise,0.1020336622836079,0
2025-01-01 20:04:14.000,afib_miss,ecg_noise,0.06131019291263089,0
2025-01-01 20:04:15.000,afib_miss,ecg_noise,0.014784744816883647,0
2025-01-01 20:04:16.000,afib_miss,ecg_noise,0.06506683242209066,0
2025-01-01 20:04:17.000,afib_miss,ecg_noise,0.05762316769765556,0
2025-01-01 20:04:18.000,afib_miss,ecg_noise,0.07579505508165492,0
2025-01-01 20:04:19.000,afib_miss,ecg_noise,0.06346362702539918,0
2025-01-01 20:04:20.000,afib_miss,ecg_noise,0.04723088032032453,0
2025-01-01 20:04:21.000,afib_miss,ecg_noise,0.025514035274212688,0
2025-01-01 20:04:22.000,afib_miss,ecg_noise,0.045819534854279496,0
2025-01-01 20:04:23.000,afib_miss,ecg_noise,0.032989590915814,0
2025-01-01 20:04:24.000,afib_miss,ecg_noise,0.03838953100390555,0
2025-01-01 20:04:25.000,afib_miss,ecg_noise,0.06177156808841219,0
2025-01-01 20:04:26.000,afib_miss,ecg_noise,0.08339809008702813,0
2025-01-01 20:04:27.000,afib_miss,ecg_noise,0.05789343059645963,0
2025-01-01 20:04:28.000,afib_miss,ecg_noise,0.026082338759296317,0
2025-01-01 20:04:29.000,afib_miss,ecg_noise,0.05889205336440281,0
2025-01-01 20:04:30.000,afib_miss,ecg_noise,0.07393262973291302,0
2025-01-01 20:04:31.000,afib_miss,ecg_noise,0.03780434191361236,0
2025-01-01 20:04:32.000,afib_miss,ecg_noise,0.04731965666654165,0
2025-01-01 20:04:33.000,afib_miss,ecg_noise,0.05029376389458395,0
2025-01-01 20:04:34.000,afib_miss,ecg_noise,0.034302033738355206,0
2025-01-01 20:04:35.000,afib_miss,ecg_noise,0.06296560867687719,0
2025-01-01 20:04:36.000,afib_miss,ecg_noise,0.04758103702784437,0
2025-01-01 20:04:37.000,afib_miss,ecg_noise,0.05839064887814056,0
2025-01-01 20:04:38.000,afib_miss,ecg_noise,0.032250156443958,0
2025-01-01 20:04:39.000,afib_miss,ecg_noise,0.04125083399353179,0
2025-01-01 20:04:40.000,afib_miss,ecg_noise,0.06444762715655543,0
2025-01-01 20:04:41.000,afib_miss,ecg_noise,0.04254333695816466,0
2025-01-01 20:04:42.000,afib_miss,ecg_noise,0.0845392770246681,0
2025-01-01 20:04:43.000,afib_miss,ecg_noise,0.04200727628770796,0
2025-01-01 20:04:44.000,afib_miss,ecg_noise,0.05449369451503772,0
2025-01-01 20:04:45.000,afib_miss,ecg_noise,0.0686518166374618,0
2025-01-01 20:04:46.000,afib_miss,ecg_noise,0.02163268534133937,0
2025-01-01 20:04:47.000,afib_miss,ecg_noise,0.014783823760384486,0
2025-01-01 20:04:48.000,afib_miss,ecg_noise,0.019486873708598106,0
2025-01-01 20:04:49.000,afib_miss,ecg_noise,0.07525168206854364,0
2025-01-01 20:04:50.000,afib_miss,ecg_noise,0.038962837082151064,0
2025-01-01 20:04:51.000,afib_miss,ecg_noise,0.10116398571336505,0
2025-01-01 20:04:52.000,afib_miss,ecg_noise,0.03871504802685223,0
2025-01-01 20:04:53.000,afib_miss,ecg_noise,0.053691026063940744,0
2025-01-01 20:04:54.000,afib_miss,ecg_noise,0.08084219905135752,0
2025-01-01 20:04:55.000,afib_miss,ecg_noise,0.09012185776318246,0
2025-01-01 20:04:56.000,afib_miss,ecg_noise,0.09123007153272797,0
2025-01-01 20:04:57.000,afib_miss,ecg_noise,0.07416732461186284,0
2025-01-01 20:04:58.000,afib_miss,ecg_noise,0.07048125051622925,0
2025-01-01 20:04:59.000,afib_miss,ecg_noise,0.061850538984023665,0
2025-01-01 20:05:00.000,afib_miss,ecg_noise,0.06556722152333276,0
2025-01-01 20:05:01.000,afib_miss,ecg_noise,0.03897628567342933,0
2025-01-01 20:05:02.000,afib_miss,ecg_noise,0.033636022331553855,0
2025-01-01 20:05:03.000,afib_miss,ecg_noise,0.049932510851780965,0
2025-01-01 20:05:04.000,afib_miss,ecg_noise,0.046596307549501434,0
2025-01-01 20:05:05.000,afib_miss,ecg_noise,0.0409354390134545,0
2025-01-01 20:05:06.000,afib_miss,ecg_noise,0.0639277489491343,0
2025-01-01 20:05:07.000,afib_miss,ecg_noise,0.06910610417141022,0
2025-01-01 20:05:08.000,afib_miss,ecg_noise,0.05176813772583695,0
2025-01-01 20:05:09.000,afib_miss,ecg_noise,0.07955060162110524,0
2025-01-01 20:05:10.000,afib_miss,ecg_noise,0.0271662177173299,0
2025-01-01 20:05:11.000,afib_miss,ecg_noise,0.04612681081440564,0
2025-01-01 20:05:12.000,afib_miss,ecg_noise,0.0356635535879439,0
2025-01-01 20:05:13.000,afib_miss,ecg_noise,0.012669267658538805,0
2025-01-01 20:05:14.000,afib_miss,ecg_noise,0.04834638628314602,0
2025-01-01 20:05:15.000,afib_miss,ecg_noise,0.04756504983233433,0
2025-01-01 20:05:16.000,afib_miss,ecg_noise,0.08026899486484262,0
2025-01-01 20:05:17.000,afib_miss,ecg_noise,0.06261623369109555,0
2025-01-01 20:05:18.000,afib_miss,ecg_noise,0.029516263513415904,0
2025-01-01 20:05:19.000,afib_miss,ecg_noise,0.08708185132668378,0
2025-01-01 20:05:20.000,afib_miss,ecg_noise,0.07442067391050707,0
2025-01-01 20:05:21.000,afib_miss,ecg_noise,0.06164195406937232,0
2025-01-01 20:05:22.000,afib_miss,ecg_noise,0.045470318023003366,0
2025-01-01 20:05:23.000,afib_miss,ecg_noise,0.030811215265530406,0
2025-01-01 20:05:24.000,afib_miss,ecg_noise,0.04255586447857894,0
2025-01-01 20:05:25.000,afib_miss,ecg_noise,0.07177497239408373,0
2025-01-01 20:05:26.000,afib_miss,ecg_noise,0.08769172611869219,0
2025-01-01 20:05:27.000,afib_miss,ecg_noise,0.08086487056544378,0
2025-01-01 20:05:28.000,afib_miss,ecg_noise,0.04022301156427452,0
2025-01-01 20:05:29.000,afib_miss,ecg_noise,0.027607651334219777,0
2025-01-01 20:05:30.000,afib_miss,ecg_noise,0.05281772493822408,0
2025-01-01 20:05:31.000,afib_miss,ecg_noise,0.01463121268874297,0
2025-01-01 20:05:32.000,afib_miss,ecg_noise,0.05646335428369563,0
2025-01-01 20:05:33.000,afib_miss,ecg_noise,0.04704794827402663,0
2025-01-01 20:05:34.000,afib_miss,ecg_noise,0.040679269962635156,0
2025-01-01 20:05:35.000,afib_miss,ecg_noise,0.018105938654664096,0
2025-01-01 20:05:36.000,afib_miss,ecg_noise,0.06027200213139433,0
2025-01-01 20:05:37.000,afib_miss,ecg_noise,0.039345983206761775,0
2025-01-01 20:05:38.000,afib_miss,ecg_noise,0.02660166328579424,0
2025-01-01 20:05:39.000,afib_miss,ecg_noise,0.0074452442656329845,0
2025-01-01 20:05:40.000,afib_miss,ecg_noise,0.04944970189898728,0
2025-01-01 20:05:41.000,afib_miss,ecg_noise,0.0854450319333949,0
2025-01-01 20:05:42.000,afib_miss,ecg_noise,0.0832251842909574,0
2025-01-01 20:05:43.000,afib_miss,ecg_noise,0.040858074868274565,0
2025-01-01 20:05:44.000,afib_miss,ecg_noise,0.03795575879276439,0
2025-01-01 20:05:45.000,afib_miss,ecg_noise,0.05937548512150048,0
2025-01-01 20:05:46.000,afib_miss,ecg_noise,0.030032291216234172,0
2025-01-01 20:05:47.000,afib_miss,ecg_noise,0.05603583799638932,0
2025-01-01 20:05:48.000,afib_miss,ecg_noise,0.06532160556769381,0
2025-01-01 20:05:49.000,afib_miss,ecg_noise,0.07453866447768616,0
2025-01-01 20:05:50.000,afib_miss,ecg_noise,0.398415378991378,1
2025-01-01 20:05:51.000,afib_miss,ecg_noise,0.5610401491788264,1
2025-01-01 20:05:52.000,afib_miss,ecg_noise,0.5682854599305353,1
2025-01-01 20:05:53.000,afib_miss,ecg_noise,0.46000033592346146,1
2025-01-01 20:05:54.000,afib_miss,ecg_noise,0.49929422165797227,1
2025-01-01 20:05:55.000,afib_miss,ecg_noise,0.3624881686729692,1
2025-01-01 20:05:56.000,afib_miss,ecg_noise,0.4883040277239863,1
2025-01-01 20:05:57.000,afib_miss,ecg_noise,0.47891595928221864,1
2025-01-01 20:05:58.000,afib_miss,ecg_noise,0.791933080482188,1
2025-01-01 20:05:59.000,afib_miss,ecg_noise,0.38338082540173224,1
2025-01-01 20:06:00.000,afib_miss,ecg_noise,0.645990377988275,1
2025-01-01 20:06:01.000,afib_miss,ecg_noise,0.5847416437636244,1
2025-01-01 20:06:02.000,afib_miss,ecg_noise,0.4795788352435548,1
2025-01-01 20:06:03.000,afib_miss,ecg_noise,0.6935429563467345,1
2025-01-01 20:06:04.000,afib_miss,ecg_noise,0.5519474252025349,1
2025-01-01 20:06:05.000,afib_miss,ecg_noise,0.5332893684244286,1
2025-01-01 20:06:06.000,afib_miss,ecg_noise,0.49602774904274294,1
2025-01-01 20:06:07.000,afib_miss,ecg_noise,0.6326756725959448,1
2025-01-01 20:06:08.000,afib_miss,ecg_noise,0.5783960062433575,1
2025-01-01 20:06:09.000,afib_miss,ecg_noise,0.42685121770345286,1
2025-01-01 20:06:10.000,afib_miss,ecg_noise,0.3839605741325598,1
2025-01-01 20:06:11.000,afib_miss,ecg_noise,0.4546161477970493,1
2025-01-01 20:06:12.000,afib_miss,ecg_noise,0.42586730220356794,1
2025-01-01 20:06:13.000,afib_miss,ecg_noise,0.4665159064459964,1
2025-01-01 20:06:14.000,afib_miss,ecg_noise,0.6330724131170845,1
2025-01-01 20:06:15.000,afib_miss,ecg_noise,0.45355700484537137,1
2025-01-01 20:06:16.000,afib_miss,ecg_noise,0.46341502555073233,1
2025-01-01 20:06:17.000,afib_miss,ecg_noise,0.529097060569983,1
2025-01-01 20:06:18.000,afib_miss,ecg_noise,0.5701512566845676,1
2025-01-01 20:06:19.000,afib_miss,ecg_noise,0.25910601786125187,1
2025-01-01 20:06:20.000,afib_miss,ecg_noise,0.4433413544680892,1
2025-01-01 20:06:21.000,afib_miss,ecg_noise,0.5441011162165216,1
2025-01-01 20:06:22.000,afib_miss,ecg_noise,0.5996914592631182,1
2025-01-01 20:06:23.000,afib_miss,ecg_noise,0.45204335224633896,1
2025-01-01 20:06:24.000,afib_miss,ecg_noise,0.32092105940242405,1
2025-01-01 20:06:25.000,afib_miss,ecg_noise,0.5758332567418765,1
2025-01-01 20:06:26.000,afib_miss,ecg_noise,0.4399925922229816,1
2025-01-01 20:06:27.000,afib_miss,ecg_noise,0.3736927773092974,1
2025-01-01 20:06:28.000,afib_miss,ecg_noise,0.4210136566157032,1
2025-01-01 20:06:29.000,afib_miss,ecg_noise,0.4832703418953425,1
2025-01-01 20:06:30.000,afib_miss,ecg_noise,0.4180827533064666,1
2025-01-01 20:06:31.000,afib_miss,ecg_noise,0.23787040395998524,1
2025-01-01 20:06:32.000,afib_miss,ecg_noise,0.5984378157718666,1
2025-01-01 20:06:33.000,afib_miss,ecg_noise,0.6455662009495962,1
2025-01-01 20:06:34.000,afib_miss,ecg_noise,0.5178935504231138,1
2025-01-01 20:06:35.000,afib_miss,ecg_noise,0.36603681886331957,1
2025-01-01 20:06:36.000,afib_miss,ecg_noise,0.49223393182535213,1
2025-01-01 20:06:37.000,afib_miss,ecg_noise,0.5404977778712882,1
2025-01-01 20:06:38.000,afib_miss,ecg_noise,0.5602953131096992,1
2025-01-01 20:06:39.000,afib_miss,ecg_noise,0.5522739900472253,1
2025-01-01 20:06:40.000,afib_miss,ecg_noise,0.4229246913000536,1
2025-01-01 20:06:41.000,afib_miss,ecg_noise,0.5356970840243198,1
2025-01-01 20:06:42.000,afib_miss,ecg_noise,0.5328087568790334,1
2025-01-01 20:06:43.000,afib_miss,ecg_noise,0.6295983920816716,1
2025-01-01 20:06:44.000,afib_miss,ecg_noise,0.5607957835388317,1
2025-01-01 20:06:45.000,afib_miss,ecg_noise,0.5598390965723777,1
2025-01-01 20:06:46.000,afib_miss,ecg_noise,0.510836069112832,1
2025-01-01 20:06:47.000,afib_miss,ecg_noise,0.6735394836897416,1
2025-01-01 20:06:48.000,afib_miss,ecg_noise,0.5474378650582703,1
2025-01-01 20:06:49.000,afib_miss,ecg_noise,0.4088441389401172,1
2025-01-01 20:06:50.000,afib_miss,ecg_noise,0.6345007716342081,1
2025-01-01 20:06:51.000,afib_miss,ecg_noise,0.5385265110799696,1
2025-01-01 20:06:52.000,afib_miss,ecg_noise,0.47335779343009493,1
2025-01-01 20:06:53.000,afib_miss,ecg_noise,0.45049395931981967,1
2025-01-01 20:06:54.000,afib_miss,ecg_noise,0.5260479562422637,1
2025-01-01 20:06:55.000,afib_miss,ecg_noise,0.6101806308836557,1
2025-01-01 20:06:56.000,afib_miss,ecg_noise,0.5257042847304344,1
2025-01-01 20:06:57.000,afib_miss,ecg_noise,0.5160950463423848,1
2025-01-01 20:06:58.000,afib_miss,ecg_noise,0.6614685855335273,1
2025-01-01 20:06:59.000,afib_miss,ecg_noise,0.6301232294074237,1
2025-01-01 20:07:00.000,afib_miss,ecg_noise,0.5213289673372578,1
2025-01-01 20:07:01.000,afib_miss,ecg_noise,0.565365498510401,1
2025-01-01 20:07:02.000,afib_miss,ecg_noise,0.4151321883387501,1
2025-01-01 20:07:03.000,afib_miss,ecg_noise,0.5264298232839011,1
2025-01-01 20:07:04.000,afib_miss,ecg_noise,0.7183965904976619,1
2025-01-01 20:07:05.000,afib_miss,ecg_noise,0.49979637177505565,1
2025-01-01 20:07:06.000,afib_miss,ecg_noise,0.4062901692249165,1
2025-01-01 20:07:07.000,afib_miss,ecg_noise,0.46041143837539616,1
2025-01-01 20:07:08.000,afib_miss,ecg_noise,0.3923938064763092,1
2025-01-01 20:07:09.000,afib_miss,ecg_noise,0.43857928268967405,1
2025-01-01 20:07:10.000,afib_miss,ecg_noise,0.4726438464868866,1
2025-01-01 20:07:11.000,afib_miss,ecg_noise,0.3425161649823183,1
2025-01-01 20:07:12.000,afib_miss,ecg_noise,0.4886908367486111,1
2025-01-01 20:07:13.000,afib_miss,ecg_noise,0.610826933730288,1
2025-01-01 20:07:14.000,afib_miss,ecg_noise,0.40252887534317716,1
2025-01-01 20:07:15.000,afib_miss,ecg_noise,0.643855423099337,1
2025-01-01 20:07:16.000,afib_miss,ecg_noise,0.5319767572657724,1
2025-01-01 20:07:17.000,afib_miss,ecg_noise,0.611530039874275,1
2025-01-01 20:07:18.000,afib_miss,ecg_noise,0.47546704299964915,1
2025-01-01 20:07:19.000,afib_miss,ecg_noise,0.5641018644215761,1
2025-01-01 20:07:20.000,afib_miss,ecg_noise,0.39129099909392384,1
2025-01-01 20:07:21.000,afib_miss,ecg_noise,0.6172691611919595,1
2025-01-01 20:07:22.000,afib_miss,ecg_noise,0.5155911061544388,1
2025-01-01 20:07:23.000,afib_miss,ecg_noise,0.5643725579234731,1
2025-01-01 20:07:24.000,afib_miss,ecg_noise,0.36119266887457724,1
2025-01-01 20:07:25.000,afib_miss,ecg_noise,0.41905915771649255,1
2025-01-01 20:07:26.000,afib_miss,ecg_noise,0.5559799365252475,1
2025-01-01 20:07:27.000,afib_miss,ecg_noise,0.42487979949117716,1
2025-01-01 20:07:28.000,afib_miss,ecg_noise,0.5700683502412074,1
2025-01-01 20:07:29.000,afib_miss,ecg_noise,0.41507749219434775,1
2025-01-01 20:07:30.000,afib_miss,ecg_noise,0.5964100847309384,1
2025-01-01 20:07:31.000,afib_miss,ecg_noise,0.3832635948547924,1
2025-01-01 20:07:32.000,afib_miss,ecg_noise,0.559117679799499,1
2025-01-01 20:07:33.000,afib_miss,ecg_noise,0.5554997675083864,1
2025-01-01 20:07:34.000,afib_miss,ecg_noise,0.43709249502627634,1
2025-01-01 20:07:35.000,afib_miss,ecg_noise,0.5522946285056922,1
2025-01-01 20:07:36.000,afib_miss,ecg_noise,0.5294134458587479,1
2025-01-01 20:07:37.000,afib_miss,ecg_noise,0.47246776509288535,1
2025-01-01 20:07:38.000,afib_miss,ecg_noise,0.37901368028678634,1
2025-01-01 20:07:39.000,afib_miss,ecg_noise,0.326535002055323,1
2025-01-01 20:07:40.000,afib_miss,ecg_noise,0.5613073060767667,1
2025-01-01 20:07:41.000,afib_miss,ecg_noise,0.3411583523239729,1
2025-01-01 20:07:42.000,afib_miss,ecg_noise,0.467097321963959,1
2025-01-01 20:07:43.000,afib_miss,ecg_noise,0.46149873864988644,1
2025-01-01 20:07:44.000,afib_miss,ecg_noise,0.5938541684750418,1
2025-01-01 20:07:45.000,afib_miss,ecg_noise,0.46933808880503597,1
2025-01-01 20:07:46.000,afib_miss,ecg_noise,0.44706917671939267,1
2025-01-01 20:07:47.000,afib_miss,ecg_noise,0.5630915720042653,1
2025-01-01 20:07:48.000,afib_miss,ecg_noise,0.5503182034385028,1
2025-01-01 20:07:49.000,afib_miss,ecg_noise,0.5425502670823055,1
2025-01-01 20:07:50.000,afib_miss,ecg_noise,0.5421481169974588,1
2025-01-01 20:07:51.000,afib_miss,ecg_noise,0.3391062994429957,1
2025-01-01 20:07:52.000,afib_miss,ecg_noise,0.5678437050178218,1
2025-01-01 20:07:53.000,afib_miss,ecg_noise,0.5427986757113902,1
2025-01-01 20:07:54.000,afib_miss,ecg_noise,0.43063920093173913,1
2025-01-01 20:07:55.000,afib_miss,ecg_noise,0.46914554324835306,1
2025-01-01 20:07:56.000,afib_miss,ecg_noise,0.5204124416537468,1
2025-01-01 20:07:57.000,afib_miss,ecg_noise,0.5169766425982758,1
2025-01-01 20:07:58.000,afib_miss,ecg_noise,0.5533522146198127,1
2025-01-01 20:07:59.000,afib_miss,ecg_noise,0.6345042719287574,1
2025-01-01 20:08:00.000,afib_miss,ecg_noise,0.6162512745740151,1
2025-01-01 20:08:01.000,afib_miss,ecg_noise,0.3682941685290411,1
2025-01-01 20:08:02.000,afib_miss,ecg_noise,0.5441329618160022,1
2025-01-01 20:08:03.000,afib_miss,ecg_noise,0.6393805175879731,1
2025-01-01 20:08:04.000,afib_miss,ecg_noise,0.5151000562457242,1
2025-01-01 20:08:05.000,afib_miss,ecg_noise,0.632851630287828,1
2025-01-01 20:08:06.000,afib_miss,ecg_noise,0.6919346986241086,1
2025-01-01 20:08:07.000,afib_miss,ecg_noise,0.6063941477281549,1
2025-01-01 20:08:08.000,afib_miss,ecg_noise,0.5305966169950957,1
2025-01-01 20:08:09.000,afib_miss,ecg_noise,0.5993307479343939,1
2025-01-01 20:08:10.000,afib_miss,ecg_noise,0.5262226593391947,1
2025-01-01 20:08:11.000,afib_miss,ecg_noise,0.4928922311960451,1
2025-01-01 20:08:12.000,afib_miss,ecg_noise,0.48228452237777164,1
2025-01-01 20:08:13.000,afib_miss,ecg_noise,0.6294217422782759,1
2025-01-01 20:08:14.000,afib_miss,ecg_noise,0.4206847249967281,1
2025-01-01 20:08:15.000,afib_miss,ecg_noise,0.6920153524489773,1
2025-01-01 20:08:16.000,afib_miss,ecg_noise,0.5299797858819257,1
2025-01-01 20:08:17.000,afib_miss,ecg_noise,0.3465144831093088,1
2025-01-01 20:08:18.000,afib_miss,ecg_noise,0.5470430862923205,1
2025-01-01 20:08:19.000,afib_miss,ecg_noise,0.29358898487362955,1
2025-01-01 20:08:20.000,afib_miss,ecg_noise,0.5695634036685748,1
2025-01-01 20:08:21.000,afib_miss,ecg_noise,0.5983068909018524,1
2025-01-01 20:08:22.000,afib_miss,ecg_noise,0.45345883380603,1
2025-01-01 20:08:23.000,afib_miss,ecg_noise,0.5345487664346827,1
2025-01-01 20:08:24.000,afib_miss,ecg_noise,0.703612116513599,1
2025-01-01 20:08:25.000,afib_miss,ecg_noise,0.44460017648143546,1
2025-01-01 20:08:26.000,afib_miss,ecg_noise,0.40756071531839455,1
2025-01-01 20:08:27.000,afib_miss,ecg_noise,0.6861639789441643,1
2025-01-01 20:08:28.000,afib_miss,ecg_noise,0.693606044125428,1
2025-01-01 20:08:29.000,afib_miss,ecg_noise,0.48087898109137195,1
2025-01-01 20:08:30.000,afib_miss,ecg_noise,0.623287916926575,1
2025-01-01 20:08:31.000,afib_miss,ecg_noise,0.6317399682740162,1
2025-01-01 20:08:32.000,afib_miss,ecg_noise,0.3822981858258809,1
2025-01-01 20:08:33.000,afib_miss,ecg_noise,0.4684178500062216,1
2025-01-01 20:08:34.000,afib_miss,ecg_noise,0.6123808875963951,1
2025-01-01 20:08:35.000,afib_miss,ecg_noise,0.6666907622247678,1
2025-01-01 20:08:36.000,afib_miss,ecg_noise,0.5629276926288158,1
2025-01-01 20:08:37.000,afib_miss,ecg_noise,0.4158285582453759,1
2025-01-01 20:08:38.000,afib_miss,ecg_noise,0.712895147512725,1
2025-01-01 20:08:39.000,afib_miss,ecg_noise,0.43819318280740666,1
2025-01-01 20:08:40.000,afib_miss,ecg_noise,0.4767483378463765,1
2025-01-01 20:08:41.000,afib_miss,ecg_noise,0.5290428498972838,1
2025-01-01 20:08:42.000,afib_miss,ecg_noise,0.6701922516892275,1
2025-01-01 20:08:43.000,afib_miss,ecg_noise,0.5977049473354834,1
2025-01-01 20:08:44.000,afib_miss,ecg_noise,0.5227777759952992,1
2025-01-01 20:08:45.000,afib_miss,ecg_noise,0.5680484953353113,1
2025-01-01 20:08:46.000,afib_miss,ecg_noise,0.4936321979620657,1
2025-01-01 20:08:47.000,afib_miss,ecg_noise,0.5719751074174735,1
2025-01-01 20:08:48.000,afib_miss,ecg_noise,0.2543897384985965,1
2025-01-01 20:08:49.000,afib_miss,ecg_noise,0.5071029276289226,1
2025-01-01 20:08:50.000,afib_miss,ecg_noise,0.519662873844241,1
2025-01-01 20:08:51.000,afib_miss,ecg_noise,0.3779122557156854,1
2025-01-01 20:08:52.000,afib_miss,ecg_noise,0.5382439396634013,1
2025-01-01 20:08:53.000,afib_miss,ecg_noise,0.4734892822447023,1
2025-01-01 20:08:54.000,afib_miss,ecg_noise,0.69154640787039,1
2025-01-01 20:08:55.000,afib_miss,ecg_noise,0.6249757603527539,1
2025-01-01 20:08:56.000,afib_miss,ecg_noise,0.43234579470525664,1
2025-01-01 20:08:57.000,afib_miss,ecg_noise,0.46356017041174663,1
2025-01-01 20:08:58.000,afib_miss,ecg_noise,0.5116113952786323,1
2025-01-01 20:08:59.000,afib_miss,ecg_noise,0.48904631983567626,1
2025-01-01 20:09:00.000,afib_miss,ecg_noise,0.5174135140320633,1
2025-01-01 20:09:01.000,afib_miss,ecg_noise,0.4207953586474408,1
2025-01-01 20:09:02.000,afib_miss,ecg_noise,0.388339509768511,1
2025-01-01 20:09:03.000,afib_miss,ecg_noise,0.5855086884421907,1
2025-01-01 20:09:04.000,afib_miss,ecg_noise,0.5444058957383696,1
2025-01-01 20:09:05.000,afib_miss,ecg_noise,0.42433580368869644,1
2025-01-01 20:09:06.000,afib_miss,ecg_noise,0.6090394956719085,1
2025-01-01 20:09:07.000,afib_miss,ecg_noise,0.4468641104822638,1
2025-01-01 20:09:08.000,afib_miss,ecg_noise,0.529108156135773,1
2025-01-01 20:09:09.000,afib_miss,ecg_noise,0.6020553231125885,1
2025-01-01 20:09:10.000,afib_miss,ecg_noise,0.004064645859984742,0
2025-01-01 20:09:11.000,afib_miss,ecg_noise,0.06355750639061816,0
2025-01-01 20:09:12.000,afib_miss,ecg_noise,0.036918486337451525,0
2025-01-01 20:09:13.000,afib_miss,ecg_noise,0.013387342062870865,0
2025-01-01 20:09:14.000,afib_miss,ecg_noise,0.060224051990499614,0
2025-01-01 20:09:15.000,afib_miss,ecg_noise,0.07747317090325916,0
2025-01-01 20:09:16.000,afib_miss,ecg_noise,0.047251029707446164,0
2025-01-01 20:09:17.000,afib_miss,ecg_noise,0.06905749094405877,0
2025-01-01 20:09:18.000,afib_miss,ecg_noise,0.08224556515977291,0
2025-01-01 20:09:19.000,afib_miss,ecg_noise,0.07629828907168096,0
2025-01-01 20:09:20.000,afib_miss,ecg_noise,0.08279929058742785,0
2025-01-01 20:09:21.000,afib_miss,ecg_noise,0.06484254982143785,0
2025-01-01 20:09:22.000,afib_miss,ecg_noise,0.05150867277803186,0
2025-01-01 20:09:23.000,afib_miss,ecg_noise,0.01796068376205663,0
2025-01-01 20:09:24.000,afib_miss,ecg_noise,0.04507875023740103,0
2025-01-01 20:09:25.000,afib_miss,ecg_noise,0.03313506809367617,0
2025-01-01 20:09:26.000,afib_miss,ecg_noise,0.09341885434995628,0
2025-01-01 20:09:27.000,afib_miss,ecg_noise,0.04648228375135327,0
2025-01-01 20:09:28.000,afib_miss,ecg_noise,0.05246409613568972,0
2025-01-01 20:09:29.000,afib_miss,ecg_noise,0.061029707520809356,0
2025-01-01 20:09:30.000,afib_miss,ecg_noise,0.05087204892744908,0
2025-01-01 20:09:31.000,afib_miss,ecg_noise,0.08390102080861506,0
2025-01-01 20:09:32.000,afib_miss,ecg_noise,0.037547012765310965,0
2025-01-01 20:09:33.000,afib_miss,ecg_noise,0.05389214910474486,0
2025-01-01 20:09:34.000,afib_miss,ecg_noise,0.035150588286039036,0
2025-01-01 20:09:35.000,afib_miss,ecg_noise,0.023599549775585885,0
2025-01-01 20:09:36.000,afib_miss,ecg_noise,0.03776461818189429,0
2025-01-01 20:09:37.000,afib_miss,ecg_noise,0.04925926405903176,0
2025-01-01 20:09:38.000,afib_miss,ecg_noise,0.04141395550965481,0
2025-01-01 20:09:39.000,afib_miss,ecg_noise,0.03615158040252288,0
2025-01-01 20:09:40.000,afib_miss,ecg_noise,0.021873650726563325,0
2025-01-01 20:09:41.000,afib_miss,ecg_noise,0.04833788854742611,0
2025-01-01 20:09:42.000,afib_miss,ecg_noise,0.01990559251937996,0
2025-01-01 20:09:43.000,afib_miss,ecg_noise,0.06520111927379206,0
2025-01-01 20:09:44.000,afib_miss,ecg_noise,0.05164879505869007,0
2025-01-01 20:09:45.000,afib_miss,ecg_noise,0.020848970010701393,0
2025-01-01 20:09:46.000,afib_miss,ecg_noise,0.04381581845900273,0
2025-01-01 20:09:47.000,afib_miss,ecg_noise,0.03495687188818834,0
2025-01-01 20:09:48.000,afib_miss,ecg_noise,0.05638349020838361,0
2025-01-01 20:09:49.000,afib_miss,ecg_noise,0.0768090089204629,0
2025-01-01 20:09:50.000,afib_miss,ecg_noise,0.012496550607085113,0
2025-01-01 20:09:51.000,afib_miss,ecg_noise,0.052300521582948345,0
2025-01-01 20:09:52.000,afib_miss,ecg_noise,0.046797344088667196,0
2025-01-01 20:09:53.000,afib_miss,ecg_noise,0.06342680152900931,0
2025-01-01 20:09:54.000,afib_miss,ecg_noise,0.054263932564753786,0
2025-01-01 20:09:55.000,afib_miss,ecg_noise,0.03496061336522362,0
2025-01-01 20:09:56.000,afib_miss,ecg_noise,0.04361892128666764,0
2025-01-01 20:09:57.000,afib_miss,ecg_noise,0.03407948286393022,0
2025-01-01 20:09:58.000,afib_miss,ecg_noise,0.07152014277197197,0
2025-01-01 20:09:59.000,afib_miss,ecg_noise,0.050426232973438845,0
2025-01-01 09:00:00.000,apple_pay_failure,api_latency_ms,223.1167032251937,0
2025-01-01 09:01:30.000,apple_pay_failure,api_latency_ms,138.0918350992377,0
2025-01-01 09:03:00.000,apple_pay_failure,api_latency_ms,196.94814239148016,0
2025-01-01 09:04:30.000,apple_pay_failure,api_latency_ms,177.15913653413637,0
2025-01-01 09:06:00.000,apple_pay_failure,api_latency_ms,163.60815539046163,0
2025-01-01 09:07:30.000,apple_pay_failure,api_latency_ms,197.4549886085511,0
2025-01-01 09:09:00.000,apple_pay_failure,api_latency_ms,152.52925290104014,0
2025-01-01 09:10:30.000,apple_pay_failure,api_latency_ms,192.42361773433808,0
2025-01-01 09:12:00.000,apple_pay_failure,api_latency_ms,217.8314737252333,0
2025-01-01 09:13:30.000,apple_pay_failure,api_latency_ms,189.41723371341155,0
2025-01-01 09:15:00.000,apple_pay_failure,api_latency_ms,163.09193928717997,0
2025-01-01 09:16:30.000,apple_pay_failure,api_latency_ms,140.5172821452711,0
2025-01-01 09:18:00.000,apple_pay_failure,api_latency_ms,152.9510454423286,0
2025-01-01 09:19:30.000,apple_pay_failure,api_latency_ms,138.96944675262498,0
2025-01-01 09:21:00.000,apple_pay_failure,api_latency_ms,224.99081074825804,0
2025-01-01 09:22:30.000,apple_pay_failure,api_latency_ms,178.76288747672274,0
2025-01-01 09:24:00.000,apple_pay_failure,api_latency_ms,158.87089926511837,0
2025-01-01 09:25:30.000,apple_pay_failure,api_latency_ms,152.544782233039,0
2025-01-01 09:27:00.000,apple_pay_failure,api_latency_ms,158.3188671359402,0
2025-01-01 09:28:30.000,apple_pay_failure,api_latency_ms,176.603928204924,0
2025-01-01 09:30:00.000,apple_pay_failure,api_latency_ms,152.93473464020963,0
2025-01-01 09:31:30.000,apple_pay_failure,api_latency_ms,226.9076898572602,0
2025-01-01 09:33:00.000,apple_pay_failure,api_latency_ms,166.31526522522353,0
2025-01-01 09:34:30.000,apple_pay_failure,api_latency_ms,165.43542765746466,0
2025-01-01 09:36:00.000,apple_pay_failure,api_latency_ms,192.69395424138645,0
2025-01-01 09:37:30.000,apple_pay_failure,api_latency_ms,221.26460890493652,0
2025-01-01 09:39:00.000,apple_pay_failure,api_latency_ms,218.0994012098064,0
2025-01-01 09:40:30.000,apple_pay_failure,api_latency_ms,172.80451682494794,0
2025-01-01 09:42:00.000,apple_pay_failure,api_latency_ms,191.38570056121443,0
2025-01-01 09:43:30.000,apple_pay_failure,api_latency_ms,188.73238623712672,0
2025-01-01 09:45:00.000,apple_pay_failure,api_latency_ms,198.24736228767858,0
2025-01-01 09:46:30.000,apple_pay_failure,api_latency_ms,191.39261585055002,0
2025-01-01 09:48:00.000,apple_pay_failure,api_latency_ms,161.40429043089568,0
2025-01-01 09:49:30.000,apple_pay_failure,api_latency_ms,153.49524697373485,0
2025-01-01 09:51:00.000,apple_pay_failure,api_latency_ms,189.39138867774471,0
2025-01-01 09:52:30.000,apple_pay_failure,api_latency_ms,155.41154707725403,0
2025-01-01 09:54:00.000,apple_pay_failure,api_latency_ms,219.0805847141515,0
2025-01-01 09:55:30.000,apple_pay_failure,api_latency_ms,185.99824529177337,0
2025-01-01 09:57:00.000,apple_pay_failure,api_latency_ms,159.34806093219385,0
2025-01-01 09:58:30.000,apple_pay_failure,api_latency_ms,176.9591286994162,0
2025-01-01 10:00:00.000,apple_pay_failure,api_latency_ms,172.31731776039447,0
2025-01-01 10:01:30.000,apple_pay_failure,api_latency_ms,181.71900448339287,0
2025-01-01 10:03:00.000,apple_pay_failure,api_latency_ms,208.64622124123957,0
2025-01-01 10:04:30.000,apple_pay_failure,api_latency_ms,148.8893016894362,0
2025-01-01 10:06:00.000,apple_pay_failure,api_latency_ms,138.31058161870715,0
2025-01-01 10:07:30.000,apple_pay_failure,api_latency_ms,193.45127382546693,0
2025-01-01 10:09:00.000,apple_pay_failure,api_latency_ms,180.56792831688378,0
2025-01-01 10:10:30.000,apple_pay_failure,api_latency_ms,189.0806259521918,0
2025-01-01 10:12:00.000,apple_pay_failure,api_latency_ms,196.1136634113417,0
2025-01-01 10:13:30.000,apple_pay_failure,api_latency_ms,180.47379056475765,0
2025-01-01 10:15:00.000,apple_pay_failure,api_latency_ms,204.99224342482245,0
2025-01-01 10:16:30.000,apple_pay_failure,api_latency_ms,162.67496200116284,0
2025-01-01 10:18:00.000,apple_pay_failure,api_latency_ms,186.60943985655095,0
2025-01-01 10:19:30.000,apple_pay_failure,api_latency_ms,164.2309497649979,0
2025-01-01 10:21:00.000,apple_pay_failure,api_latency_ms,156.7523582893466,0
2025-01-01 10:22:30.000,apple_pay_failure,api_latency_ms,200.38622273250874,0
2025-01-01 10:24:00.000,apple_pay_failure,api_latency_ms,199.22632854888028,0
2025-01-01 10:25:30.000,apple_pay_failure,api_latency_ms,136.450497980122,0
2025-01-01 10:27:00.000,apple_pay_failure,api_latency_ms,156.95001896029066,0
2025-01-01 10:28:30.000,apple_pay_failure,api_latency_ms,192.29960825041536,0
2025-01-01 10:30:00.000,apple_pay_failure,api_latency_ms,211.75580111482338,0
2025-01-01 10:31:30.000,apple_pay_failure,api_latency_ms,168.35099195695423,0
2025-01-01 10:33:00.000,apple_pay_failure,api_latency_ms,180.40474699052282,0
2025-01-01 10:34:30.000,apple_pay_failure,api_latency_ms,149.6663344469246,0
2025-01-01 10:36:00.000,apple_pay_failure,api_latency_ms,247.770284577594,0
2025-01-01 10:37:30.000,apple_pay_failure,api_latency_ms,196.8780295034502,0
2025-01-01 10:39:00.000,apple_pay_failure,api_latency_ms,207.36532768633256,0
2025-01-01 10:40:30.000,apple_pay_failure,api_latency_ms,201.45052177591734,0
2025-01-01 10:42:00.000,apple_pay_failure,api_latency_ms,208.33109143395598,0
2025-01-01 10:43:30.000,apple_pay_failure,api_latency_ms,200.20207257024552,0
2025-01-01 10:45:00.000,apple_pay_failure,api_latency_ms,176.62031145259772,0
2025-01-01 10:46:30.000,apple_pay_failure,api_latency_ms,203.60033088820302,0
2025-01-01 10:48:00.000,apple_pay_failure,api_latency_ms,186.97849838178453,0
2025-01-01 10:49:30.000,apple_pay_failure,api_latency_ms,217.41440153478024,0
2025-01-01 10:51:00.000,apple_pay_failure,api_latency_ms,166.6113039474364,0
2025-01-01 10:52:30.000,apple_pay_failure,api_latency_ms,171.46848569139496,0
2025-01-01 10:54:00.000,apple_pay_failure,api_latency_ms,201.52885536001438,0
2025-01-01 10:55:30.000,apple_pay_failure,api_latency_ms,216.9911358585806,0
2025-01-01 10:57:00.000,apple_pay_failure,api_latency_ms,188.6290332819565,0
2025-01-01 10:58:30.000,apple_pay_failure,api_latency_ms,167.18680631822576,0
2025-01-01 11:00:00.000,apple_pay_failure,api_latency_ms,182.02610319722035,0
2025-01-01 11:01:30.000,apple_pay_failure,api_latency_ms,172.54439802341088,0
2025-01-01 11:03:00.000,apple_pay_failure,api_latency_ms,232.42093950169533,0
2025-01-01 11:04:30.000,apple_pay_failure,api_latency_ms,207.46772874110118,0
2025-01-01 11:06:00.000,apple_pay_failure,api_latency_ms,216.61107501513195,0
2025-01-01 11:07:30.000,apple_pay_failure,api_latency_ms,192.53861857668417,0
2025-01-01 11:09:00.000,apple_pay_failure,api_latency_ms,171.12192426861753,0
2025-01-01 11:10:30.000,apple_pay_failure,api_latency_ms,214.33159111354416,0
2025-01-01 11:12:00.000,apple_pay_failure,api_latency_ms,226.34873833999498,0
2025-01-01 11:13:30.000,apple_pay_failure,api_latency_ms,199.54898242049077,0
2025-01-01 11:15:00.000,apple_pay_failure,api_latency_ms,184.39369202887653,0
2025-01-01 11:16:30.000,apple_pay_failure,api_latency_ms,212.02434450487203,0
2025-01-01 11:18:00.000,apple_pay_failure,api_latency_ms,175.72212871994037,0
2025-01-01 11:19:30.000,apple_pay_failure,api_latency_ms,204.11351468023457,0
2025-01-01 11:21:00.000,apple_pay_failure,api_latency_ms,167.21039459240328,0
2025-01-01 11:22:30.000,apple_pay_failure,api_latency_ms,160.7408527758664,0
2025-01-01 11:24:00.000,apple_pay_failure,api_latency_ms,199.1611219977094,0
2025-01-01 11:25:30.000,apple_pay_failure,api_latency_ms,193.44825521060085,0
2025-01-01 11:27:00.000,apple_pay_failure,api_latency_ms,232.6076593585493,0
2025-01-01 11:28:30.000,apple_pay_failure,api_latency_ms,177.9973233879686,0
2025-01-01 11:30:00.000,apple_pay_failure,api_latency_ms,185.5861888700641,0
2025-01-01 11:31:30.000,apple_pay_failure,api_latency_ms,156.50151711728384,0
2025-01-01 11:33:00.000,apple_pay_failure,api_latency_ms,138.2679940249372,0
2025-01-01 11:34:30.000,apple_pay_failure,api_latency_ms,140.47962372164181,0
2025-01-01 11:36:00.000,apple_pay_failure,api_latency_ms,196.57769710497948,0
2025-01-01 11:37:30.000,apple_pay_failure,api_latency_ms,155.58402275283777,0
2025-01-01 11:39:00.000,apple_pay_failure,api_latency_ms,213.1696740735403,0
2025-01-01 11:40:30.000,apple_pay_failure,api_latency_ms,220.5566698104662,0
2025-01-01 11:42:00.000,apple_pay_failure,api_latency_ms,177.86491240737976,0
2025-01-01 11:43:30.000,apple_pay_failure,api_latency_ms,226.4606195818099,0
2025-01-01 11:45:00.000,apple_pay_failure,api_latency_ms,190.67999191508784,0
2025-01-01 11:46:30.000,apple_pay_failure,api_latency_ms,213.12386455682525,0
2025-01-01 11:48:00.000,apple_pay_failure,api_latency_ms,179.35734147280365,0
2025-01-01 11:49:30.000,apple_pay_failure,api_latency_ms,208.9792704893278,0
2025-01-01 11:51:00.000,apple_pay_failure,api_latency_ms,161.41707042882894,0
2025-01-01 11:52:30.000,apple_pay_failure,api_latency_ms,200.56706225666258,0
2025-01-01 11:54:00.000,apple_pay_failure,api_latency_ms,173.5195738344635,0
2025-01-01 11:55:30.000,apple_pay_failure,api_latency_ms,181.73600507455458,0
2025-01-01 11:57:00.000,apple_pay_failure,api_latency_ms,200.7929641832557,0
2025-01-01 11:58:30.000,apple_pay_failure,api_latency_ms,189.31779252426438,0
2025-01-01 12:00:00.000,apple_pay_failure,api_latency_ms,183.14062582031303,0
2025-01-01 12:01:30.000,apple_pay_failure,api_latency_ms,203.1944789388151,0
2025-01-01 12:03:00.000,apple_pay_failure,api_latency_ms,205.08015611356296,0
2025-01-01 12:04:30.000,apple_pay_failure,api_latency_ms,150.37482367175076,0
2025-01-01 12:06:00.000,apple_pay_failure,api_latency_ms,198.97360914362244,0
2025-01-01 12:07:30.000,apple_pay_failure,api_latency_ms,201.77502638553787,0
2025-01-01 12:09:00.000,apple_pay_failure,api_latency_ms,166.20701388439014,0
2025-01-01 12:10:30.000,apple_pay_failure,api_latency_ms,194.64502031756612,0
2025-01-01 12:12:00.000,apple_pay_failure,api_latency_ms,151.89416548524719,0
2025-01-01 12:13:30.000,apple_pay_failure,api_latency_ms,220.98310256573967,0
2025-01-01 12:15:00.000,apple_pay_failure,api_latency_ms,179.0586431621458,0
2025-01-01 12:16:30.000,apple_pay_failure,api_latency_ms,183.0359929992541,0
2025-01-01 12:18:00.000,apple_pay_failure,api_latency_ms,214.93479903112836,0
2025-01-01 12:19:30.000,apple_pay_failure,api_latency_ms,181.4314733125598,0
2025-01-01 12:21:00.000,apple_pay_failure,api_latency_ms,199.9721945589854,0
2025-01-01 12:22:30.000,apple_pay_failure,api_latency_ms,158.81499226164593,0
2025-01-01 12:24:00.000,apple_pay_failure,api_latency_ms,170.75612939285276,0
2025-01-01 12:25:30.000,apple_pay_failure,api_latency_ms,150.1885654218213,0
2025-01-01 12:27:00.000,apple_pay_failure,api_latency_ms,179.79538404912947,0
2025-01-01 12:28:30.000,apple_pay_failure,api_latency_ms,210.77588570336047,0
2025-01-01 12:30:00.000,apple_pay_failure,api_latency_ms,190.59020461011872,0
2025-01-01 12:31:30.000,apple_pay_failure,api_latency_ms,207.1069407772303,0
2025-01-01 12:33:00.000,apple_pay_failure,api_latency_ms,159.34480834699625,0
2025-01-01 12:34:30.000,apple_pay_failure,api_latency_ms,162.91931540287214,0
2025-01-01 12:36:00.000,apple_pay_failure,api_latency_ms,173.3614207333892,0
2025-01-01 12:37:30.000,apple_pay_failure,api_latency_ms,199.31432318239558,0
2025-01-01 12:39:00.000,apple_pay_failure,api_latency_ms,193.91071573658064,0
2025-01-01 12:40:30.000,apple_pay_failure,api_latency_ms,184.6177714078641,0
2025-01-01 12:42:00.000,apple_pay_failure,api_latency_ms,200.56573360932452,0
2025-01-01 12:43:30.000,apple_pay_failure,api_latency_ms,181.21503922214507,0
2025-01-01 12:45:00.000,apple_pay_failure,api_latency_ms,184.46188826455048,0
2025-01-01 12:46:30.000,apple_pay_failure,api_latency_ms,217.62087073225445,0
2025-01-01 12:48:00.000,apple_pay_failure,api_latency_ms,170.34328254782918,0
2025-01-01 12:49:30.000,apple_pay_failure,api_latency_ms,189.56702841450328,0
2025-01-01 12:51:00.000,apple_pay_failure,api_latency_ms,225.29862022264498,0
2025-01-01 12:52:30.000,apple_pay_failure,api_latency_ms,187.5476175542306,0
2025-01-01 12:54:00.000,apple_pay_failure,api_latency_ms,202.66383693809277,0
2025-01-01 12:55:30.000,apple_pay_failure,api_latency_ms,169.83295549452868,0
2025-01-01 12:57:00.000,apple_pay_failure,api_latency_ms,233.913009609474,0
2025-01-01 12:58:30.000,apple_pay_failure,api_latency_ms,128.75921952243257,0
2025-01-01 13:00:00.000,apple_pay_failure,api_latency_ms,156.64194905249113,0
2025-01-01 13:01:30.000,apple_pay_failure,api_latency_ms,158.6538963721475,0
2025-01-01 13:03:00.000,apple_pay_failure,api_latency_ms,225.49508832933915,0
2025-01-01 13:04:30.000,apple_pay_failure,api_latency_ms,193.8120282810935,0
2025-01-01 13:06:00.000,apple_pay_failure,api_latency_ms,178.4418254411133,0
2025-01-01 13:07:30.000,apple_pay_failure,api_latency_ms,152.95605200173725,0
2025-01-01 13:09:00.000,apple_pay_failure,api_latency_ms,194.10322607252078,0
2025-01-01 13:10:30.000,apple_pay_failure,api_latency_ms,187.85084448251325,0
2025-01-01 13:12:00.000,apple_pay_failure,api_latency_ms,167.6757649227074,0
2025-01-01 13:13:30.000,apple_pay_failure,api_latency_ms,147.7118211650506,0
2025-01-01 13:15:00.000,apple_pay_failure,api_latency_ms,157.43105685658594,0
2025-01-01 13:16:30.000,apple_pay_failure,api_latency_ms,190.335319780084,0
2025-01-01 13:18:00.000,apple_pay_failure,api_latency_ms,192.775269740848,0
2025-01-01 13:19:30.000,apple_pay_failure,api_latency_ms,186.8285898453234,0
2025-01-01 13:21:00.000,apple_pay_failure,api_latency_ms,181.21037225262637,0
2025-01-01 13:22:30.000,apple_pay_failure,api_latency_ms,140.78157596940926,0
2025-01-01 13:24:00.000,apple_pay_failure,api_latency_ms,186.21925385289092,0
2025-01-01 13:25:30.000,apple_pay_failure,api_latency_ms,159.18662654146522,0
2025-01-01 13:27:00.000,apple_pay_failure,api_latency_ms,186.0447449793311,0
2025-01-01 13:28:30.000,apple_pay_failure,api_latency_ms,196.62626481354854,0
2025-01-01 13:30:00.000,apple_pay_failure,api_latency_ms,168.10561247942076,0
2025-01-01 13:31:30.000,apple_pay_failure,api_latency_ms,159.42323558496008,0
2025-01-01 13:33:00.000,apple_pay_failure,api_latency_ms,209.8402787091526,0
2025-01-01 13:34:30.000,apple_pay_failure,api_latency_ms,193.7949296856123,0
2025-01-01 13:36:00.000,apple_pay_failure,api_latency_ms,169.08435971427258,0
2025-01-01 13:37:30.000,apple_pay_failure,api_latency_ms,109.99209642807811,0
2025-01-01 13:39:00.000,apple_pay_failure,api_latency_ms,183.7718636533337,0
2025-01-01 13:40:30.000,apple_pay_failure,api_latency_ms,200.7284546447535,0
2025-01-01 13:42:00.000,apple_pay_failure,api_latency_ms,213.03892243314286,0
2025-01-01 13:43:30.000,apple_pay_failure,api_latency_ms,168.05351612952126,0
2025-01-01 13:45:00.000,apple_pay_failure,api_latency_ms,168.9242308157298,0
2025-01-01 13:46:30.000,apple_pay_failure,api_latency_ms,173.92733183335503,0
2025-01-01 13:48:00.000,apple_pay_failure,api_latency_ms,205.94804582903336,0
2025-01-01 13:49:30.000,apple_pay_failure,api_latency_ms,155.63204934066468,0
2025-01-01 13:51:00.000,apple_pay_failure,api_latency_ms,182.17807752128093,0
2025-01-01 13:52:30.000,apple_pay_failure,api_latency_ms,161.85638646831765,0
2025-01-01 13:54:00.000,apple_pay_failure,api_latency_ms,191.71371225288826,0
2025-01-01 13:55:30.000,apple_pay_failure,api_latency_ms,146.13288277299213,0
2025-01-01 13:57:00.000,apple_pay_failure,api_latency_ms,194.40400496006998,0
2025-01-01 13:58:30.000,apple_pay_failure,api_latency_ms,172.58382717066218,0
2025-01-01 14:00:00.000,apple_pay_failure,api_latency_ms,179.39904235492608,0
2025-01-01 14:01:30.000,apple_pay_failure,api_latency_ms,198.14385542784765,0
2025-01-01 14:03:00.000,apple_pay_failure,api_latency_ms,213.5953369386424,0
2025-01-01 14:04:30.000,apple_pay_failure,api_latency_ms,142.5753249744095,0
2025-01-01 14:06:00.000,apple_pay_failure,api_latency_ms,210.08887677948863,0
2025-01-01 14:07:30.000,apple_pay_failure,api_latency_ms,198.95390007389537,0
2025-01-01 14:09:00.000,apple_pay_failure,api_latency_ms,177.6327025928461,0
2025-01-01 14:10:30.000,apple_pay_failure,api_latency_ms,220.09998782187705,0
2025-01-01 14:12:00.000,apple_pay_failure,api_latency_ms,189.71625564939612,0
2025-01-01 14:13:30.000,apple_pay_failure,api_latency_ms,217.33592010213653,0
2025-01-01 14:15:00.000,apple_pay_failure,api_latency_ms,170.1802594300938,0
2025-01-01 14:16:30.000,apple_pay_failure,api_latency_ms,163.33200588360887,0
2025-01-01 14:18:00.000,apple_pay_failure,api_latency_ms,215.61642782749522,0
2025-01-01 14:19:30.000,apple_pay_failure,api_latency_ms,239.10680158361902,0
2025-01-01 14:21:00.000,apple_pay_failure,api_latency_ms,200.8446315086052,0
2025-01-01 14:22:30.000,apple_pay_failure,api_latency_ms,207.27961903701905,0
2025-01-01 14:24:00.000,apple_pay_failure,api_latency_ms,173.1525422043521,0
2025-01-01 14:25:30.000,apple_pay_failure,api_latency_ms,151.8708098062946,0
2025-01-01 14:27:00.000,apple_pay_failure,api_latency_ms,179.35077358349895,0
2025-01-01 14:28:30.000,apple_pay_failure,api_latency_ms,222.5079698541552,0
2025-01-01 14:30:00.000,apple_pay_failure,api_latency_ms,138.4885285820817,0
2025-01-01 14:31:30.000,apple_pay_failure,api_latency_ms,172.61681923391907,0
2025-01-01 14:33:00.000,apple_pay_failure,api_latency_ms,137.13649390030972,0
2025-01-01 14:34:30.000,apple_pay_failure,api_latency_ms,187.7067302711448,0
2025-01-01 14:36:00.000,apple_pay_failure,api_latency_ms,206.856111855782,0
2025-01-01 14:37:30.000,apple_pay_failure,api_latency_ms,153.93169894858497,0
2025-01-01 14:39:00.000,apple_pay_failure,api_latency_ms,174.7652093320132,0
2025-01-01 14:40:30.000,apple_pay_failure,api_latency_ms,218.14367302752305,0
2025-01-01 14:42:00.000,apple_pay_failure,api_latency_ms,182.78833329720513,0
2025-01-01 14:43:30.000,apple_pay_failure,api_latency_ms,154.01882408822803,0
2025-01-01 14:45:00.000,apple_pay_failure,api_latency_ms,152.0934838978846,0
2025-01-01 14:46:30.000,apple_pay_failure,api_latency_ms,134.6338125098667,0
2025-01-01 14:48:00.000,apple_pay_failure,api_latency_ms,204.33236687811143,0
2025-01-01 14:49:30.000,apple_pay_failure,api_latency_ms,166.3469519568514,0
2025-01-01 14:51:00.000,apple_pay_failure,api_latency_ms,211.26701436696064,0
2025-01-01 14:52:30.000,apple_pay_failure,api_latency_ms,206.67572338900095,0
2025-01-01 14:54:00.000,apple_pay_failure,api_latency_ms,168.4992562010954,0
2025-01-01 14:55:30.000,apple_pay_failure,api_latency_ms,171.80115407889696,0
2025-01-01 14:57:00.000,apple_pay_failure,api_latency_ms,204.46585523947064,0
2025-01-01 14:58:30.000,apple_pay_failure,api_latency_ms,188.73569240746647,0
2025-01-01 15:00:00.000,apple_pay_failure,api_latency_ms,191.69573697114552,0
2025-01-01 15:01:30.000,apple_pay_failure,api_latency_ms,143.82274138748534,0
2025-01-01 15:03:00.000,apple_pay_failure,api_latency_ms,207.44280238135573,0
2025-01-01 15:04:30.000,apple_pay_failure,api_latency_ms,163.11685659088153,0
2025-01-01 15:06:00.000,apple_pay_failure,api_latency_ms,128.26239096378401,0
2025-01-01 15:07:30.000,apple_pay_failure,api_latency_ms,169.57686866980103,0
2025-01-01 15:09:00.000,apple_pay_failure,api_latency_ms,195.54990602090402,0
2025-01-01 15:10:30.000,apple_pay_failure,api_latency_ms,237.42815021691004,0
2025-01-01 15:12:00.000,apple_pay_failure,api_latency_ms,175.6793393934435,0
2025-01-01 15:13:30.000,apple_pay_failure,api_latency_ms,151.7554598001981,0
2025-01-01 15:15:00.000,apple_pay_failure,api_latency_ms,238.08684021960414,0
2025-01-01 15:16:30.000,apple_pay_failure,api_latency_ms,189.00594870146583,0
2025-01-01 15:18:00.000,apple_pay_failure,api_latency_ms,178.4706841630413,0
2025-01-01 15:19:30.000,apple_pay_failure,api_latency_ms,158.10032651577222,0
2025-01-01 15:21:00.000,apple_pay_failure,api_latency_ms,159.90055019853253,0
2025-01-01 15:22:30.000,apple_pay_failure,api_latency_ms,221.9668168945657,0
2025-01-01 15:24:00.000,apple_pay_failure,api_latency_ms,178.23272999470032,0
2025-01-01 15:25:30.000,apple_pay_failure,api_latency_ms,171.55477995599114,0
2025-01-01 15:27:00.000,apple_pay_failure,api_latency_ms,172.25218044012937,0
2025-01-01 15:28:30.000,apple_pay_failure,api_latency_ms,224.19664532737568,0
2025-01-01 15:30:00.000,apple_pay_failure,api_latency_ms,170.26465804091896,0
2025-01-01 15:31:30.000,apple_pay_failure,api_latency_ms,200.7039899558851,0
2025-01-01 15:33:00.000,apple_pay_failure,api_latency_ms,191.65354749414365,0
2025-01-01 15:34:30.000,apple_pay_failure,api_latency_ms,190.9816466680123,0
2025-01-01 15:36:00.000,apple_pay_failure,api_latency_ms,163.06871807374375,0
2025-01-01 15:37:30.000,apple_pay_failure,api_latency_ms,201.46385594934708,0
2025-01-01 15:39:00.000,apple_pay_failure,api_latency_ms,225.21580038526085,0
2025-01-01 15:40:30.000,apple_pay_failure,api_latency_ms,183.6954093665436,0
2025-01-01 15:42:00.000,apple_pay_failure,api_latency_ms,162.00635588975263,0
2025-01-01 15:43:30.000,apple_pay_failure,api_latency_ms,152.71565787724631,0
2025-01-01 15:45:00.000,apple_pay_failure,api_latency_ms,189.76793775156494,0
2025-01-01 15:46:30.000,apple_pay_failure,api_latency_ms,178.20039874136913,0
2025-01-01 15:48:00.000,apple_pay_failure,api_latency_ms,182.39064880149846,0
2025-01-01 15:49:30.000,apple_pay_failure,api_latency_ms,185.29571298955779,0
2025-01-01 15:51:00.000,apple_pay_failure,api_latency_ms,148.1096835669751,0
2025-01-01 15:52:30.000,apple_pay_failure,api_latency_ms,204.53713059332276,0
2025-01-01 15:54:00.000,apple_pay_failure,api_latency_ms,190.85795138075247,0
2025-01-01 15:55:30.000,apple_pay_failure,api_latency_ms,183.1345969016114,0
2025-01-01 15:57:00.000,apple_pay_failure,api_latency_ms,190.79642992924465,0
2025-01-01 15:58:30.000,apple_pay_failure,api_latency_ms,208.15357219759443,0
2025-01-01 16:00:00.000,apple_pay_failure,api_latency_ms,706.8209559418461,1
2025-01-01 16:01:30.000,apple_pay_failure,api_latency_ms,300.0,1
2025-01-01 16:03:00.000,apple_pay_failure,api_latency_ms,463.22771094343335,1
2025-01-01 16:04:30.000,apple_pay_failure,api_latency_ms,462.4674980719292,1
2025-01-01 16:06:00.000,apple_pay_failure,api_latency_ms,300.0,1
2025-01-01 16:07:30.000,apple_pay_failure,api_latency_ms,752.3800289033069,1
2025-01-01 16:09:00.000,apple_pay_failure,api_latency_ms,492.432826421066,1
2025-01-01 16:10:30.000,apple_pay_failure,api_latency_ms,300.0,1
2025-01-01 16:12:00.000,apple_pay_failure,api_latency_ms,890.0742505971739,1
2025-01-01 16:13:30.000,apple_pay_failure,api_latency_ms,666.9105730383656,1
2025-01-01 16:15:00.000,apple_pay_failure,api_latency_ms,1121.3488266756942,1
2025-01-01 16:16:30.000,apple_pay_failure,api_latency_ms,645.6914272064106,1
2025-01-01 16:18:00.000,apple_pay_failure,api_latency_ms,458.6844347849793,1
2025-01-01 16:19:30.000,apple_pay_failure,api_latency_ms,768.6794795039852,1
2025-01-01 16:21:00.000,apple_pay_failure,api_latency_ms,345.44102611775975,1
2025-01-01 16:22:30.000,apple_pay_failure,api_latency_ms,389.67283034465373,1
2025-01-01 16:24:00.000,apple_pay_failure,api_latency_ms,368.44626356378103,1
2025-01-01 16:25:30.000,apple_pay_failure,api_latency_ms,335.4887399465357,1
2025-01-01 16:27:00.000,apple_pay_failure,api_latency_ms,1265.8308442875218,1
2025-01-01 16:28:30.000,apple_pay_failure,api_latency_ms,474.4377093918765,1
2025-01-01 16:30:00.000,apple_pay_failure,api_latency_ms,456.5438862829788,1
2025-01-01 16:31:30.000,apple_pay_failure,api_latency_ms,354.12069895322827,1
2025-01-01 16:33:00.000,apple_pay_failure,api_latency_ms,300.0,1
2025-01-01 16:34:30.000,apple_pay_failure,api_latency_ms,300.0,1
2025-01-01 16:36:00.000,apple_pay_failure,api_latency_ms,1322.8709396968857,1
2025-01-01 16:37:30.000,apple_pay_failure,api_latency_ms,687.4420836448838,1
2025-01-01 16:39:00.000,apple_pay_failure,api_latency_ms,423.3851237446426,1
2025-01-01 16:40:30.000,apple_pay_failure,api_latency_ms,510.0070270365569,1
2025-01-01 16:42:00.000,apple_pay_failure,api_latency_ms,872.4776062564988,1
2025-01-01 16:43:30.000,apple_pay_failure,api_latency_ms,366.32834552769475,1
2025-01-01 16:45:00.000,apple_pay_failure,api_latency_ms,307.75253120498814,1
2025-01-01 16:46:30.000,apple_pay_failure,api_latency_ms,427.86290727696155,1
2025-01-01 16:48:00.000,apple_pay_failure,api_latency_ms,407.59005433200565,1
2025-01-01 16:49:30.000,apple_pay_failure,api_latency_ms,868.8116425074285,1
2025-01-01 16:51:00.000,apple_pay_failure,api_latency_ms,1045.3921960284977,1
2025-01-01 16:52:30.000,apple_pay_failure,api_latency_ms,910.6205592877919,1
2025-01-01 16:54:00.000,apple_pay_failure,api_latency_ms,654.3717897213909,1
2025-01-01 16:55:30.000,apple_pay_failure,api_latency_ms,490.0146402356344,1
2025-01-01 16:57:00.000,apple_pay_failure,api_latency_ms,300.0,1
2025-01-01 16:58:30.000,apple_pay_failure,api_latency_ms,1199.3912506486386,1
2025-01-01 17:00:00.000,apple_pay_failure,api_latency_ms,911.8151736654578,1
2025-01-01 17:01:30.000,apple_pay_failure,api_latency_ms,439.8009478942149,1
2025-01-01 17:03:00.000,apple_pay_failure,api_latency_ms,737.0364605719525,1
2025-01-01 17:04:30.000,apple_pay_failure,api_latency_ms,1003.298185546599,1
2025-01-01 17:06:00.000,apple_pay_failure,api_latency_ms,313.22119461413206,1
2025-01-01 17:07:30.000,apple_pay_failure,api_latency_ms,500.56832193820037,1
2025-01-01 17:09:00.000,apple_pay_failure,api_latency_ms,1420.6317723510708,1
2025-01-01 17:10:30.000,apple_pay_failure,api_latency_ms,300.0,1
2025-01-01 17:12:00.000,apple_pay_failure,api_latency_ms,300.0,1
2025-01-01 17:13:30.000,apple_pay_failure,api_latency_ms,1282.1493463425993,1
2025-01-01 17:15:00.000,apple_pay_failure,api_latency_ms,959.7345460174336,1
2025-01-01 17:16:30.000,apple_pay_failure,api_latency_ms,300.0,1
2025-01-01 17:18:00.000,apple_pay_failure,api_latency_ms,516.0538600016237,1
2025-01-01 17:19:30.000,apple_pay_failure,api_latency_ms,574.1815367034355,1
2025-01-01 17:21:00.000,apple_pay_failure,api_latency_ms,647.3828174385103,1
2025-01-01 17:22:30.000,apple_pay_failure,api_latency_ms,543.7130882649104,1
2025-01-01 17:24:00.000,apple_pay_failure,api_latency_ms,524.0851249281479,1
2025-01-01 17:25:30.000,apple_pay_failure,api_latency_ms,512.8745734713823,1
2025-01-01 17:27:00.000,apple_pay_failure,api_latency_ms,553.1841857924614,1
2025-01-01 17:28:30.000,apple_pay_failure,api_latency_ms,300.0,1
2025-01-01 17:30:00.000,apple_pay_failure,api_latency_ms,300.0,1
2025-01-01 17:31:30.000,apple_pay_failure,api_latency_ms,301.68376425228087,1
2025-01-01 17:33:00.000,apple_pay_failure,api_latency_ms,1200.8806467975637,1
2025-01-01 17:34:30.000,apple_pay_failure,api_latency_ms,405.32092210754297,1
2025-01-01 17:36:00.000,apple_pay_failure,api_latency_ms,546.5676338274735,1
2025-01-01 17:37:30.000,apple_pay_failure,api_latency_ms,1536.8338230179556,1
2025-01-01 17:39:00.000,apple_pay_failure,api_latency_ms,300.0,1
2025-01-01 17:40:30.000,apple_pay_failure,api_latency_ms,300.0,1
2025-01-01 17:42:00.000,apple_pay_failure,api_latency_ms,328.0632602072748,1
2025-01-01 17:43:30.000,apple_pay_failure,api_latency_ms,1189.2368181826314,1
2025-01-01 17:45:00.000,apple_pay_failure,api_latency_ms,652.4165153910556,1
2025-01-01 17:46:30.000,apple_pay_failure,api_latency_ms,300.0,1
2025-01-01 17:48:00.000,apple_pay_failure,api_latency_ms,300.0,1
2025-01-01 17:49:30.000,apple_pay_failure,api_latency_ms,300.0,1
2025-01-01 17:51:00.000,apple_pay_failure,api_latency_ms,1135.7109586817585,1
2025-01-01 17:52:30.000,apple_pay_failure,api_latency_ms,391.21631911528004,1
2025-01-01 17:54:00.000,apple_pay_failure,api_latency_ms,911.3866117019597,1
2025-01-01 17:55:30.000,apple_pay_failure,api_latency_ms,906.0845956970553,1
2025-01-01 17:57:00.000,apple_pay_failure,api_latency_ms,1470.5912513916203,1
2025-01-01 17:58:30.000,apple_pay_failure,api_latency_ms,505.1607287337331,1
2025-01-01 18:00:00.000,apple_pay_failure,api_latency_ms,358.6885168675776,1
2025-01-01 18:01:30.000,apple_pay_failure,api_latency_ms,476.61551211954037,1
2025-01-01 18:03:00.000,apple_pay_failure,api_latency_ms,1025.9905451721622,1
2025-01-01 18:04:30.000,apple_pay_failure,api_latency_ms,1319.5701033584628,1
2025-01-01 18:06:00.000,apple_pay_failure,api_latency_ms,382.70563079629375,1
2025-01-01 18:07:30.000,apple_pay_failure,api_latency_ms,464.31317380965453,1
2025-01-01 18:09:00.000,apple_pay_failure,api_latency_ms,756.5991482914931,1
2025-01-01 18:10:30.000,apple_pay_failure,api_latency_ms,348.04165163051164,1
2025-01-01 18:12:00.000,apple_pay_failure,api_latency_ms,300.0,1
2025-01-01 18:13:30.000,apple_pay_failure,api_latency_ms,324.6768095796881,1
2025-01-01 18:15:00.000,apple_pay_failure,api_latency_ms,433.103699197746,1
2025-01-01 18:16:30.000,apple_pay_failure,api_latency_ms,300.0,1
2025-01-01 18:18:00.000,apple_pay_failure,api_latency_ms,716.5706191506866,1
2025-01-01 18:19:30.000,apple_pay_failure,api_latency_ms,588.789499851404,1
2025-01-01 18:21:00.000,apple_pay_failure,api_latency_ms,1187.0583201784673,1
2025-01-01 18:22:30.000,apple_pay_failure,api_latency_ms,698.9293931849726,1
2025-01-01 18:24:00.000,apple_pay_failure,api_latency_ms,402.1170415008754,1
2025-01-01 18:25:30.000,apple_pay_failure,api_latency_ms,300.0,1
2025-01-01 18:27:00.000,apple_pay_failure,api_latency_ms,300.0,1
2025-01-01 18:28:30.000,apple_pay_failure,api_latency_ms,992.6195423429577,1
2025-01-01 18:30:00.000,apple_pay_failure,api_latency_ms,554.0068321422409,1
2025-01-01 18:31:30.000,apple_pay_failure,api_latency_ms,300.0,1
2025-01-01 18:33:00.000,apple_pay_failure,api_latency_ms,459.57822655932586,1
2025-01-01 18:34:30.000,apple_pay_failure,api_latency_ms,744.6819068116303,1
2025-01-01 18:36:00.000,apple_pay_failure,api_latency_ms,823.8013143148412,1
2025-01-01 18:37:30.000,apple_pay_failure,api_latency_ms,919.6160255807421,1
2025-01-01 18:39:00.000,apple_pay_failure,api_latency_ms,1073.9219055072213,1
2025-01-01 18:40:30.000,apple_pay_failure,api_latency_ms,416.54106775982336,1
2025-01-01 18:42:00.000,apple_pay_failure,api_latency_ms,559.627089990012,1
2025-01-01 18:43:30.000,apple_pay_failure,api_latency_ms,300.0,1
2025-01-01 18:45:00.000,apple_pay_failure,api_latency_ms,587.2643663125243,1
2025-01-01 18:46:30.000,apple_pay_failure,api_latency_ms,442.8829131988153,1
2025-01-01 18:48:00.000,apple_pay_failure,api_latency_ms,300.0,1
2025-01-01 18:49:30.000,apple_pay_failure,api_latency_ms,313.0754708984678,1
2025-01-01 18:51:00.000,apple_pay_failure,api_latency_ms,648.8952594268675,1
2025-01-01 18:52:30.000,apple_pay_failure,api_latency_ms,300.0,1
2025-01-01 18:54:00.000,apple_pay_failure,api_latency_ms,375.82962193682874,1
2025-01-01 18:55:30.000,apple_pay_failure,api_latency_ms,338.63953565780855,1
2025-01-01 18:57:00.000,apple_pay_failure,api_latency_ms,697.189043195152,1
2025-01-01 18:58:30.000,apple_pay_failure,api_latency_ms,331.1854979743182,1
2025-01-01 19:00:00.000,apple_pay_failure,api_latency_ms,300.0,1
2025-01-01 19:01:30.000,apple_pay_failure,api_latency_ms,300.0,1
2025-01-01 19:03:00.000,apple_pay_failure,api_latency_ms,640.5314188513084,1
2025-01-01 19:04:30.000,apple_pay_failure,api_latency_ms,300.0,1
2025-01-01 19:06:00.000,apple_pay_failure,api_latency_ms,511.68652536105316,1
2025-01-01 19:07:30.000,apple_pay_failure,api_latency_ms,470.4185906762648,1
2025-01-01 19:09:00.000,apple_pay_failure,api_latency_ms,376.7024435197866,1
2025-01-01 19:10:30.000,apple_pay_failure,api_latency_ms,340.16960655317075,1
2025-01-01 19:12:00.000,apple_pay_failure,api_latency_ms,441.7330052464747,1
2025-01-01 19:13:30.000,apple_pay_failure,api_latency_ms,300.0,1
2025-01-01 19:15:00.000,apple_pay_failure,api_latency_ms,371.1263225658205,1
2025-01-01 19:16:30.000,apple_pay_failure,api_latency_ms,416.4166133478792,1
2025-01-01 19:18:00.000,apple_pay_failure,api_latency_ms,300.0,1
2025-01-01 19:19:30.000,apple_pay_failure,api_latency_ms,487.6497315533514,1
2025-01-01 19:21:00.000,apple_pay_failure,api_latency_ms,316.0491043815804,1
2025-01-01 19:22:30.000,apple_pay_failure,api_latency_ms,300.0,1
2025-01-01 19:24:00.000,apple_pay_failure,api_latency_ms,300.0,1
2025-01-01 19:25:30.000,apple_pay_failure,api_latency_ms,328.07791375556735,1
2025-01-01 19:27:00.000,apple_pay_failure,api_latency_ms,600.5130917502277,1
2025-01-01 19:28:30.000,apple_pay_failure,api_latency_ms,792.8221614721695,1
2025-01-01 19:30:00.000,apple_pay_failure,api_latency_ms,204.249078082264,0
2025-01-01 19:31:30.000,apple_pay_failure,api_latency_ms,232.09185253771014,0
2025-01-01 19:33:00.000,apple_pay_failure,api_latency_ms,218.04094120756915,0
2025-01-01 19:34:30.000,apple_pay_failure,api_latency_ms,177.3761813829193,0
2025-01-01 19:36:00.000,apple_pay_failure,api_latency_ms,166.72042457812432,0
2025-01-01 19:37:30.000,apple_pay_failure,api_latency_ms,168.68350859498747,0
2025-01-01 19:39:00.000,apple_pay_failure,api_latency_ms,160.5550255198635,0
2025-01-01 19:40:30.000,apple_pay_failure,api_latency_ms,185.8503342310536,0
2025-01-01 19:42:00.000,apple_pay_failure,api_latency_ms,195.52796670544188,0
2025-01-01 19:43:30.000,apple_pay_failure,api_latency_ms,189.5759875147133,0
2025-01-01 19:45:00.000,apple_pay_failure,api_latency_ms,189.8412501156377,0
2025-01-01 19:46:30.000,apple_pay_failure,api_latency_ms,188.95500481922912,0
2025-01-01 19:48:00.000,apple_pay_failure,api_latency_ms,181.6986474815815,0
2025-01-01 19:49:30.000,apple_pay_failure,api_latency_ms,166.44109408750717,0
2025-01-01 19:51:00.000,apple_pay_failure,api_latency_ms,228.11614740571142,0
2025-01-01 19:52:30.000,apple_pay_failure,api_latency_ms,211.18829142830316,0
2025-01-01 19:54:00.000,apple_pay_failure,api_latency_ms,162.2936036874206,0
2025-01-01 19:55:30.000,apple_pay_failure,api_latency_ms,162.36896079771412,0
2025-01-01 19:57:00.000,apple_pay_failure,api_latency_ms,170.34324185562437,0
2025-01-01 19:58:30.000,apple_pay_failure,api_latency_ms,185.8257185124135,0
2025-01-01 20:00:00.000,apple_pay_failure,api_latency_ms,216.4761517210058,0
2025-01-01 20:01:30.000,apple_pay_failure,api_latency_ms,210.37116822470267,0
2025-01-01 20:03:00.000,apple_pay_failure,api_latency_ms,211.69375890100576,0
2025-01-01 20:04:30.000,apple_pay_failure,api_latency_ms,212.19585610496233,0
2025-01-01 20:06:00.000,apple_pay_failure,api_latency_ms,212.66005847497573,0
2025-01-01 20:07:30.000,apple_pay_failure,api_latency_ms,203.41723969573158,0
2025-01-01 20:09:00.000,apple_pay_failure,api_latency_ms,196.36259081687965,0
2025-01-01 20:10:30.000,apple_pay_failure,api_latency_ms,182.0236443898807,0
2025-01-01 20:12:00.000,apple_pay_failure,api_latency_ms,141.4057947522996,0
2025-01-01 20:13:30.000,apple_pay_failure,api_latency_ms,181.76944593649503,0
2025-01-01 20:15:00.000,apple_pay_failure,api_latency_ms,230.04944322050264,0
2025-01-01 20:16:30.000,apple_pay_failure,api_latency_ms,171.50084158232923,0
2025-01-01 20:18:00.000,apple_pay_failure,api_latency_ms,169.35766625540248,0
2025-01-01 20:19:30.000,apple_pay_failure,api_latency_ms,210.435388121627,0
2025-01-01 20:21:00.000,apple_pay_failure,api_latency_ms,187.0156206518741,0
2025-01-01 20:22:30.000,apple_pay_failure,api_latency_ms,172.9986748760286,0
2025-01-01 20:24:00.000,apple_pay_failure,api_latency_ms,223.94157849788942,0
2025-01-01 20:25:30.000,apple_pay_failure,api_latency_ms,200.60389619694948,0
2025-01-01 20:27:00.000,apple_pay_failure,api_latency_ms,203.93944836603848,0
2025-01-01 20:28:30.000,apple_pay_failure,api_latency_ms,170.8856147864292,0
2025-01-01 20:30:00.000,apple_pay_failure,api_latency_ms,197.42629273185386,0
2025-01-01 20:31:30.000,apple_pay_failure,api_latency_ms,194.41232329484416,0
2025-01-01 20:33:00.000,apple_pay_failure,api_latency_ms,204.4269502413793,0
2025-01-01 20:34:30.000,apple_pay_failure,api_latency_ms,213.7292411290333,0
2025-01-01 20:36:00.000,apple_pay_failure,api_latency_ms,213.15183772934432,0
2025-01-01 20:37:30.000,apple_pay_failure,api_latency_ms,189.26227037126415,0
2025-01-01 20:39:00.000,apple_pay_failure,api_latency_ms,202.23748319205,0
2025-01-01 20:40:30.000,apple_pay_failure,api_latency_ms,156.37304883204234,0
2025-01-01 20:42:00.000,apple_pay_failure,api_latency_ms,201.09030286804114,0
2025-01-01 20:43:30.000,apple_pay_failure,api_latency_ms,202.10787441186395,0
2025-01-01 20:45:00.000,apple_pay_failure,api_latency_ms,175.27864420688147,0
2025-01-01 20:46:30.000,apple_pay_failure,api_latency_ms,165.6563038300421,0
2025-01-01 20:48:00.000,apple_pay_failure,api_latency_ms,183.5310670601117,0
2025-01-01 20:49:30.000,apple_pay_failure,api_latency_ms,154.66367212541448,0
2025-01-01 20:51:00.000,apple_pay_failure,api_latency_ms,193.52201724452982,0
2025-01-01 20:52:30.000,apple_pay_failure,api_latency_ms,192.36752896080074,0
2025-01-01 20:54:00.000,apple_pay_failure,api_latency_ms,161.28580959542205,0
2025-01-01 20:55:30.000,apple_pay_failure,api_latency_ms,186.18919007267573,0
2025-01-01 20:57:00.000,apple_pay_failure,api_latency_ms,211.6928169437938,0
2025-01-01 20:58:30.000,apple_pay_failure,api_latency_ms,211.56525427908815,0
2025-01-01 21:00:00.000,apple_pay_failure,api_latency_ms,210.26352499542708,0
2025-01-01 21:01:30.000,apple_pay_failure,api_latency_ms,181.24100078149658,0
2025-01-01 21:03:00.000,apple_pay_failure,api_latency_ms,176.5466660222667,0
2025-01-01 21:04:30.000,apple_pay_failure,api_latency_ms,175.22842785462234,0
2025-01-01 21:06:00.000,apple_pay_failure,api_latency_ms,199.81699279258896,0
2025-01-01 21:07:30.000,apple_pay_failure,api_latency_ms,243.79668251274552,0
2025-01-01 21:09:00.000,apple_pay_failure,api_latency_ms,220.12510517896942,0
2025-01-01 21:10:30.000,apple_pay_failure,api_latency_ms,224.64432219188478,0
2025-01-01 21:12:00.000,apple_pay_failure,api_latency_ms,218.7476120729861,0
2025-01-01 21:13:30.000,apple_pay_failure,api_latency_ms,144.68087714143823,0
2025-01-01 21:15:00.000,apple_pay_failure,api_latency_ms,179.98201869311927,0
2025-01-01 21:16:30.000,apple_pay_failure,api_latency_ms,174.18389129349444,0
2025-01-01 21:18:00.000,apple_pay_failure,api_latency_ms,216.23944283585388,0
2025-01-01 21:19:30.000,apple_pay_failure,api_latency_ms,227.20964491378697,0
2025-01-01 21:21:00.000,apple_pay_failure,api_latency_ms,168.4020557181425,0
2025-01-01 21:22:30.000,apple_pay_failure,api_latency_ms,185.96650880480058,0
2025-01-01 21:24:00.000,apple_pay_failure,api_latency_ms,198.9294132943362,0
2025-01-01 21:25:30.000,apple_pay_failure,api_latency_ms,172.7885857368899,0
2025-01-01 21:27:00.000,apple_pay_failure,api_latency_ms,169.2869574474679,0
2025-01-01 21:28:30.000,apple_pay_failure,api_latency_ms,168.06401905304497,0
2025-01-01 14:00:00.000,false_sos,g_force,0.9430087470359529,0
2025-01-01 14:00:00.100,false_sos,g_force,1.0603013102927763,0
2025-01-01 14:00:00.200,false_sos,g_force,0.9964397537329557,0
2025-01-01 14:00:00.300,false_sos,g_force,1.036144987099663,0
2025-01-01 14:00:00.400,false_sos,g_force,1.1076081366760808,0
2025-01-01 14:00:00.500,false_sos,g_force,1.0425870310635637,0
2025-01-01 14:00:00.600,false_sos,g_force,1.1080150319778022,0
2025-01-01 14:00:00.700,false_sos,g_force,1.0688969099335457,0
2025-01-01 14:00:00.800,false_sos,g_force,1.1182948589948718,0
2025-01-01 14:00:00.900,false_sos,g_force,0.9163698295569173,0
2025-01-01 14:00:01.000,false_sos,g_force,0.9368808780038761,0
2025-01-01 14:00:01.100,false_sos,g_force,0.8990715243744745,0
2025-01-01 14:00:01.200,false_sos,g_force,1.0450277428224826,0
2025-01-01 14:00:01.300,false_sos,g_force,0.980533899849155,0
2025-01-01 14:00:01.400,false_sos,g_force,1.0730992563887742,0
2025-01-01 14:00:01.500,false_sos,g_force,1.025388073818907,0
2025-01-01 14:00:01.600,false_sos,g_force,1.0101842624165585,0
2025-01-01 14:00:01.700,false_sos,g_force,1.172030637390489,0
2025-01-01 14:00:01.800,false_sos,g_force,1.0485030925517038,0
2025-01-01 14:00:01.900,false_sos,g_force,0.9978582680010848,0
2025-01-01 14:00:02.000,false_sos,g_force,0.9212671374581934,0
2025-01-01 14:00:02.100,false_sos,g_force,1.0952564218004786,0
2025-01-01 14:00:02.200,false_sos,g_force,1.0762264488836155,0
2025-01-01 14:00:02.300,false_sos,g_force,0.9130254727399265,0
2025-01-01 14:00:02.400,false_sos,g_force,0.9883830933931185,0
2025-01-01 14:00:02.500,false_sos,g_force,1.0190286270628008,0
2025-01-01 14:00:02.600,false_sos,g_force,0.8688725271038468,0
2025-01-01 14:00:02.700,false_sos,g_force,0.9777492386792981,0
2025-01-01 14:00:02.800,false_sos,g_force,1.1119390736134553,0
2025-01-01 14:00:02.900,false_sos,g_force,0.8707913629398267,0
2025-01-01 14:00:03.000,false_sos,g_force,1.0392697466007612,0
2025-01-01 14:00:03.100,false_sos,g_force,1.1514193775021377,0
2025-01-01 14:00:03.200,false_sos,g_force,0.9503216238147593,0
2025-01-01 14:00:03.300,false_sos,g_force,0.9636998095006705,0
2025-01-01 14:00:03.400,false_sos,g_force,1.0173961327560155,0
2025-01-01 14:00:03.500,false_sos,g_force,1.0411463084115828,0
2025-01-01 14:00:03.600,false_sos,g_force,1.0317793061126026,0
2025-01-01 14:00:03.700,false_sos,g_force,0.8789723907791382,0
2025-01-01 14:00:03.800,false_sos,g_force,0.938877282427371,0
2025-01-01 14:00:03.900,false_sos,g_force,1.0081015828515003,0
2025-01-01 14:00:04.000,false_sos,g_force,0.9746187223197832,0
2025-01-01 14:00:04.100,false_sos,g_force,1.0910666437993721,0
2025-01-01 14:00:04.200,false_sos,g_force,0.9742301074418073,0
2025-01-01 14:00:04.300,false_sos,g_force,0.9703907137516197,0
2025-01-01 14:00:04.400,false_sos,g_force,1.1479690052964635,0
2025-01-01 14:00:04.500,false_sos,g_force,0.9934678755068606,0
2025-01-01 14:00:04.600,false_sos,g_force,0.9215780545179306,0
2025-01-01 14:00:04.700,false_sos,g_force,0.9998088779519588,0
2025-01-01 14:00:04.800,false_sos,g_force,0.981405930237803,0
2025-01-01 14:00:04.900,false_sos,g_force,1.0568779835886517,0
2025-01-01 14:00:05.000,false_sos,g_force,1.0362526890591053,0
2025-01-01 14:00:05.100,false_sos,g_force,0.9733859379771284,0
2025-01-01 14:00:05.200,false_sos,g_force,0.9692433851997139,0
2025-01-01 14:00:05.300,false_sos,g_force,0.9575738073933819,0
2025-01-01 14:00:05.400,false_sos,g_force,1.1080244796744696,0
2025-01-01 14:00:05.500,false_sos,g_force,1.1612176660035507,0
2025-01-01 14:00:05.600,false_sos,g_force,0.9953974089701169,0
2025-01-01 14:00:05.700,false_sos,g_force,1.0451723430469597,0
2025-01-01 14:00:05.800,false_sos,g_force,1.0287625836414378,0
2025-01-01 14:00:05.900,false_sos,g_force,0.9590427924644623,0
2025-01-01 14:00:06.000,false_sos,g_force,0.9581468628082168,0
2025-01-01 14:00:06.100,false_sos,g_force,0.96149028673642,0
2025-01-01 14:00:06.200,false_sos,g_force,0.8460672440725608,0
2025-01-01 14:00:06.300,false_sos,g_force,0.9394037419529971,0
2025-01-01 14:00:06.400,false_sos,g_force,1.036278483221397,0
2025-01-01 14:00:06.500,false_sos,g_force,1.0737875318605496,0
2025-01-01 14:00:06.600,false_sos,g_force,0.9834120241378779,0
2025-01-01 14:00:06.700,false_sos,g_force,0.9699264031032679,0
2025-01-01 14:00:06.800,false_sos,g_force,1.0511907178624162,0
2025-01-01 14:00:06.900,false_sos,g_force,1.1642954589036305,0
2025-01-01 14:00:07.000,false_sos,g_force,0.9257331819351968,0
2025-01-01 14:00:07.100,false_sos,g_force,0.9380271973496954,0
2025-01-01 14:00:07.200,false_sos,g_force,0.9650283475454807,0
2025-01-01 14:00:07.300,false_sos,g_force,1.043833464768587,0
2025-01-01 14:00:07.400,false_sos,g_force,0.931668563722813,0
2025-01-01 14:00:07.500,false_sos,g_force,1.0372526377603226,0
2025-01-01 14:00:07.600,false_sos,g_force,0.9423200261251695,0
2025-01-01 14:00:07.700,false_sos,g_force,1.0449809364846505,0
2025-01-01 14:00:07.800,false_sos,g_force,0.9748113539093939,0
2025-01-01 14:00:07.900,false_sos,g_force,0.9656082334504956,0
2025-01-01 14:00:08.000,false_sos,g_force,1.0651996354456978,0
2025-01-01 14:00:08.100,false_sos,g_force,0.9051664952677275,0
2025-01-01 14:00:08.200,false_sos,g_force,0.9385098383377241,0
2025-01-01 14:00:08.300,false_sos,g_force,1.0583332376544514,0
2025-01-01 14:00:08.400,false_sos,g_force,1.0612728839380214,0
2025-01-01 14:00:08.500,false_sos,g_force,1.0166240042680912,0
2025-01-01 14:00:08.600,false_sos,g_force,0.8250307781402133,0
2025-01-01 14:00:08.700,false_sos,g_force,1.0577572045926102,0
2025-01-01 14:00:08.800,false_sos,g_force,1.0279000475095217,0
2025-01-01 14:00:08.900,false_sos,g_force,0.9729105396718394,0
2025-01-01 14:00:09.000,false_sos,g_force,0.844368745478494,0
2025-01-01 14:00:09.100,false_sos,g_force,1.0664724526241713,0
2025-01-01 14:00:09.200,false_sos,g_force,1.139939343206481,0
2025-01-01 14:00:09.300,false_sos,g_force,1.0400909835949974,0
2025-01-01 14:00:09.400,false_sos,g_force,1.106425353893801,0
2025-01-01 14:00:09.500,false_sos,g_force,0.9473986185841687,0
2025-01-01 14:00:09.600,false_sos,g_force,1.0147956760313774,0
2025-01-01 14:00:09.700,false_sos,g_force,0.9479154816837055,0
2025-01-01 14:00:09.800,false_sos,g_force,0.91035945028928,0
2025-01-01 14:00:09.900,false_sos,g_force,0.9722714569961903,0
2025-01-01 14:00:10.000,false_sos,g_force,0.9270924174914116,0
2025-01-01 14:00:10.100,false_sos,g_force,0.9403091797866642,0
2025-01-01 14:00:10.200,false_sos,g_force,0.9383225177175966,0
2025-01-01 14:00:10.300,false_sos,g_force,0.9668837028938173,0
2025-01-01 14:00:10.400,false_sos,g_force,0.9766550889981419,0
2025-01-01 14:00:10.500,false_sos,g_force,1.0101418195780782,0
2025-01-01 14:00:10.600,false_sos,g_force,0.9002131074684485,0
2025-01-01 14:00:10.700,false_sos,g_force,1.025373676859324,0
2025-01-01 14:00:10.800,false_sos,g_force,0.8545262863472792,0
2025-01-01 14:00:10.900,false_sos,g_force,1.0044553754714358,0
2025-01-01 14:00:11.000,false_sos,g_force,1.0064692950715475,0
2025-01-01 14:00:11.100,false_sos,g_force,0.8144121956488826,0
2025-01-01 14:00:11.200,false_sos,g_force,0.9727103062943745,0
2025-01-01 14:00:11.300,false_sos,g_force,1.0871876888842618,0
2025-01-01 14:00:11.400,false_sos,g_force,1.0360424943367421,0
2025-01-01 14:00:11.500,false_sos,g_force,0.9604561082081706,0
2025-01-01 14:00:11.600,false_sos,g_force,0.9562738606624902,0
2025-01-01 14:00:11.700,false_sos,g_force,1.0233621191854405,0
2025-01-01 14:00:11.800,false_sos,g_force,1.0123363674148673,0
2025-01-01 14:00:11.900,false_sos,g_force,1.0653844415224862,0
2025-01-01 14:00:12.000,false_sos,g_force,1.0115004624307573,0
2025-01-01 14:00:12.100,false_sos,g_force,1.0724137226542934,0
2025-01-01 14:00:12.200,false_sos,g_force,1.0320538934532835,0
2025-01-01 14:00:12.300,false_sos,g_force,0.9388324881101638,0
2025-01-01 14:00:12.400,false_sos,g_force,0.9186398379564695,0
2025-01-01 14:00:12.500,false_sos,g_force,0.9578408597360717,0
2025-01-01 14:00:12.600,false_sos,g_force,1.0326926917043724,0
2025-01-01 14:00:12.700,false_sos,g_force,0.9305760148059075,0
2025-01-01 14:00:12.800,false_sos,g_force,1.0713435332825911,0
2025-01-01 14:00:12.900,false_sos,g_force,0.8768748704116742,0
2025-01-01 14:00:13.000,false_sos,g_force,0.9788602070990379,0
2025-01-01 14:00:13.100,false_sos,g_force,0.9254112589023802,0
2025-01-01 14:00:13.200,false_sos,g_force,1.0250302974932848,0
2025-01-01 14:00:13.300,false_sos,g_force,1.0109432257996176,0
2025-01-01 14:00:13.400,false_sos,g_force,0.9878639846869045,0
2025-01-01 14:00:13.500,false_sos,g_force,0.9010529839118563,0
2025-01-01 14:00:13.600,false_sos,g_force,0.9294007686722543,0
2025-01-01 14:00:13.700,false_sos,g_force,0.9471494001115905,0
2025-01-01 14:00:13.800,false_sos,g_force,1.0794359300763752,0
2025-01-01 14:00:13.900,false_sos,g_force,0.9484962354302384,0
2025-01-01 14:00:14.000,false_sos,g_force,1.0400934150226882,0
2025-01-01 14:00:14.100,false_sos,g_force,1.0735988105033603,0
2025-01-01 14:00:14.200,false_sos,g_force,0.932441886859692,0
2025-01-01 14:00:14.300,false_sos,g_force,0.9586845720238252,0
2025-01-01 14:00:14.400,false_sos,g_force,0.8234506323600407,0
2025-01-01 14:00:14.500,false_sos,g_force,0.9677496802522452,0
2025-01-01 14:00:14.600,false_sos,g_force,1.0570660335385655,0
2025-01-01 14:00:14.700,false_sos,g_force,0.924269083121128,0
2025-01-01 14:00:14.800,false_sos,g_force,1.0281089223147908,0
2025-01-01 14:00:14.900,false_sos,g_force,1.063085638329354,0
2025-01-01 14:00:15.000,false_sos,g_force,1.0288025430079792,0
2025-01-01 14:00:15.100,false_sos,g_force,0.9649438850154646,0
2025-01-01 14:00:15.200,false_sos,g_force,1.0182668163565323,0
2025-01-01 14:00:15.300,false_sos,g_force,0.9459699953904955,0
2025-01-01 14:00:15.400,false_sos,g_force,0.9664591742392973,0
2025-01-01 14:00:15.500,false_sos,g_force,1.1909396640399226,0
2025-01-01 14:00:15.600,false_sos,g_force,0.9593325413765994,0
2025-01-01 14:00:15.700,false_sos,g_force,0.9451010849760639,0
2025-01-01 14:00:15.800,false_sos,g_force,1.0123922876961648,0
2025-01-01 14:00:15.900,false_sos,g_force,1.0222268925130558,0
2025-01-01 14:00:16.000,false_sos,g_force,1.0603764007103225,0
2025-01-01 14:00:16.100,false_sos,g_force,0.9392092176941489,0
2025-01-01 14:00:16.200,false_sos,g_force,0.915627425826167,0
2025-01-01 14:00:16.300,false_sos,g_force,0.9217840795822407,0
2025-01-01 14:00:16.400,false_sos,g_force,1.059789727643586,0
2025-01-01 14:00:16.500,false_sos,g_force,1.0860545227331437,0
2025-01-01 14:00:16.600,false_sos,g_force,0.9394018315752545,0
2025-01-01 14:00:16.700,false_sos,g_force,0.9591339012654038,0
2025-01-01 14:00:16.800,false_sos,g_force,0.9979483403251098,0
2025-01-01 14:00:16.900,false_sos,g_force,0.9232768159517941,0
2025-01-01 14:00:17.000,false_sos,g_force,0.9601622915622097,0
2025-01-01 14:00:17.100,false_sos,g_force,1.0750768375086077,0
2025-01-01 14:00:17.200,false_sos,g_force,0.9021510600882109,0
2025-01-01 14:00:17.300,false_sos,g_force,1.029487606582169,0
2025-01-01 14:00:17.400,false_sos,g_force,1.0943227794788166,0
2025-01-01 14:00:17.500,false_sos,g_force,0.9139126827350275,0
2025-01-01 14:00:17.600,false_sos,g_force,1.0875420079280118,0
2025-01-01 14:00:17.700,false_sos,g_force,1.000369112094035,0
2025-01-01 14:00:17.800,false_sos,g_force,0.9571853281467807,0
2025-01-01 14:00:17.900,false_sos,g_force,1.069470200796069,0
2025-01-01 14:00:18.000,false_sos,g_force,1.0058392918379258,0
2025-01-01 14:00:18.100,false_sos,g_force,0.9807951428289078,0
2025-01-01 14:00:18.200,false_sos,g_force,0.9537726674808528,0
2025-01-01 14:00:18.300,false_sos,g_force,0.9326662770502799,0
2025-01-01 14:00:18.400,false_sos,g_force,0.9557277905989158,0
2025-01-01 14:00:18.500,false_sos,g_force,0.9806795750088662,0
2025-01-01 14:00:18.600,false_sos,g_force,1.0609784658047234,0
2025-01-01 14:00:18.700,false_sos,g_force,0.9797985929456954,0
2025-01-01 14:00:18.800,false_sos,g_force,1.023331240861171,0
2025-01-01 14:00:18.900,false_sos,g_force,0.9688275579965352,0
2025-01-01 14:00:19.000,false_sos,g_force,1.038015015823508,0
2025-01-01 14:00:19.100,false_sos,g_force,0.994210947342086,0
2025-01-01 14:00:19.200,false_sos,g_force,1.1015246478150047,0
2025-01-01 14:00:19.300,false_sos,g_force,3.8170441995548017,0
2025-01-01 14:00:19.400,false_sos,g_force,4.677021350567586,0
2025-01-01 14:00:19.500,false_sos,g_force,5.898625813981481,0
2025-01-01 14:00:19.600,false_sos,g_force,6.739900393048151,0
2025-01-01 14:00:19.700,false_sos,g_force,7.878545351835851,0
2025-01-01 14:00:19.800,false_sos,g_force,8.720552029043029,0
2025-01-01 14:00:19.900,false_sos,g_force,8.910105412634465,0
2025-01-01 14:00:20.000,false_sos,g_force,9.355352069012236,1
2025-01-01 14:00:20.100,false_sos,g_force,9.307040383471481,1
2025-01-01 14:00:20.200,false_sos,g_force,8.668621019937197,1
2025-01-01 14:00:20.300,false_sos,g_force,8.107145912816186,1
2025-01-01 14:00:20.400,false_sos,g_force,7.454665123421139,1
2025-01-01 14:00:20.500,false_sos,g_force,5.563860059708476,1
2025-01-01 14:00:20.600,false_sos,g_force,4.668492775719281,1
2025-01-01 14:00:20.700,false_sos,g_force,1.9692194143020108,1
2025-01-01 14:00:20.800,false_sos,g_force,1.591715112543303,1
2025-01-01 14:00:20.900,false_sos,g_force,1.6227467933291453,1
2025-01-01 14:00:21.000,false_sos,g_force,1.7810216008608748,1
2025-01-01 14:00:21.100,false_sos,g_force,1.9469181189044624,1
2025-01-01 14:00:21.200,false_sos,g_force,1.5619110092572026,1
2025-01-01 14:00:21.300,false_sos,g_force,1.729498095387317,1
2025-01-01 14:00:21.400,false_sos,g_force,1.6771896676050047,1
2025-01-01 14:00:21.500,false_sos,g_force,2.0660412167145386,1
2025-01-01 14:00:21.600,false_sos,g_force,1.9204606546381817,1
2025-01-01 14:00:21.700,false_sos,g_force,1.8008751583286238,1
2025-01-01 14:00:21.800,false_sos,g_force,1.8090929972298386,1
2025-01-01 14:00:21.900,false_sos,g_force,1.8254778508621772,1
2025-01-01 14:00:22.000,false_sos,g_force,1.5156708151682121,1
2025-01-01 14:00:22.100,false_sos,g_force,1.784753058653561,1
2025-01-01 14:00:22.200,false_sos,g_force,2.0944848560018374,1
2025-01-01 14:00:22.300,false_sos,g_force,1.96533500225878,1
2025-01-01 14:00:22.400,false_sos,g_force,1.4737591951844136,1
2025-01-01 14:00:22.500,false_sos,g_force,1.6840943715766743,1
2025-01-01 14:00:22.600,false_sos,g_force,1.4238041111776567,1
2025-01-01 14:00:22.700,false_sos,g_force,1.9877257729343518,1
2025-01-01 14:00:22.800,false_sos,g_force,1.8347519829862189,1
2025-01-01 14:00:22.900,false_sos,g_force,1.9451633322770423,1
2025-01-01 14:00:23.000,false_sos,g_force,1.596119877280913,1
2025-01-01 14:00:23.100,false_sos,g_force,1.5753147029633157,1
2025-01-01 14:00:23.200,false_sos,g_force,2.0010043349307782,1
2025-01-01 14:00:23.300,false_sos,g_force,1.955307177137041,1
2025-01-01 14:00:23.400,false_sos,g_force,1.2751524682999285,1
2025-01-01 14:00:23.500,false_sos,g_force,2.316921136228959,1
2025-01-01 14:00:23.600,false_sos,g_force,1.642772743648772,1
2025-01-01 14:00:23.700,false_sos,g_force,1.5567328097122244,1
2025-01-01 14:00:23.800,false_sos,g_force,1.7973379477965519,1
2025-01-01 14:00:23.900,false_sos,g_force,1.7967896475854825,1
2025-01-01 14:00:24.000,false_sos,g_force,1.5182412172773871,1
2025-01-01 14:00:24.100,false_sos,g_force,2.04868571473469,1
2025-01-01 14:00:24.200,false_sos,g_force,1.4917761933293392,1
2025-01-01 14:00:24.300,false_sos,g_force,1.6943574609619454,1
2025-01-01 14:00:24.400,false_sos,g_force,2.3772287685580564,1
2025-01-01 14:00:24.500,false_sos,g_force,1.1708355952776142,1
2025-01-01 14:00:24.600,false_sos,g_force,1.8759685899107,1
2025-01-01 14:00:24.700,false_sos,g_force,2.097323402712054,1
2025-01-01 14:00:24.800,false_sos,g_force,1.617487115608741,1
2025-01-01 14:00:24.900,false_sos,g_force,2.224544554311662,1
2025-01-01 14:00:25.000,false_sos,g_force,1.92430105681785,1
2025-01-01 14:00:25.100,false_sos,g_force,1.8494864468131615,1
2025-01-01 14:00:25.200,false_sos,g_force,1.6764644894857632,1
2025-01-01 14:00:25.300,false_sos,g_force,3.4128717603816727,1
2025-01-01 14:00:25.400,false_sos,g_force,4.2042649022830725,1
2025-01-01 14:00:25.500,false_sos,g_force,5.414215242411025,1
2025-01-01 14:00:25.600,false_sos,g_force,5.959447347092622,1
2025-01-01 14:00:25.700,false_sos,g_force,7.500599065000313,1
2025-01-01 14:00:25.800,false_sos,g_force,8.219519037497623,1
2025-01-01 14:00:25.900,false_sos,g_force,8.66733416090104,1
2025-01-01 14:00:26.000,false_sos,g_force,8.86749235636232,1
2025-01-01 14:00:26.100,false_sos,g_force,8.611629127733643,1
2025-01-01 14:00:26.200,false_sos,g_force,8.21348695665639,1
2025-01-01 14:00:26.300,false_sos,g_force,7.826610931030009,1
2025-01-01 14:00:26.400,false_sos,g_force,5.834162633738898,1
2025-01-01 14:00:26.500,false_sos,g_force,5.40659096689194,1
2025-01-01 14:00:26.600,false_sos,g_force,4.240540503479443,1
2025-01-01 14:00:26.700,false_sos,g_force,1.8306958614452682,1
2025-01-01 14:00:26.800,false_sos,g_force,1.768864420640298,1
2025-01-01 14:00:26.900,false_sos,g_force,2.0655118966880774,1
2025-01-01 14:00:27.000,false_sos,g_force,2.2778739784925586,1
2025-01-01 14:00:27.100,false_sos,g_force,1.299600470732358,1
2025-01-01 14:00:27.200,false_sos,g_force,1.7576289799659386,1
2025-01-01 14:00:27.300,false_sos,g_force,1.9266927700660945,1
2025-01-01 14:00:27.400,false_sos,g_force,1.822237837693182,1
2025-01-01 14:00:27.500,false_sos,g_force,2.3438467532753346,1
2025-01-01 14:00:27.600,false_sos,g_force,1.5932949475216716,1
2025-01-01 14:00:27.700,false_sos,g_force,1.789809241766134,1
2025-01-01 14:00:27.800,false_sos,g_force,2.0430518720869895,1
2025-01-01 14:00:27.900,false_sos,g_force,1.7150647957585072,1
2025-01-01 14:00:28.000,false_sos,g_force,1.8757707022767234,1
2025-01-01 14:00:28.100,false_sos,g_force,1.86881426680312,1
2025-01-01 14:00:28.200,false_sos,g_force,1.7568766889867908,1
2025-01-01 14:00:28.300,false_sos,g_force,1.577796305872755,1
2025-01-01 14:00:28.400,false_sos,g_force,2.0082464800830233,1
2025-01-01 14:00:28.500,false_sos,g_force,2.1166219926990464,1
2025-01-01 14:00:28.600,false_sos,g_force,2.2055394256004233,1
2025-01-01 14:00:28.700,false_sos,g_force,1.8679581353746855,1
2025-01-01 14:00:28.800,false_sos,g_force,1.321244269893497,1
2025-01-01 14:00:28.900,false_sos,g_force,2.1327137496505912,1
2025-01-01 14:00:29.000,false_sos,g_force,2.2162950631212293,1
2025-01-01 14:00:29.100,false_sos,g_force,1.6600867610353396,1
2025-01-01 14:00:29.200,false_sos,g_force,1.9162525123087455,1
2025-01-01 14:00:29.300,false_sos,g_force,1.5105068376722057,1
2025-01-01 14:00:29.400,false_sos,g_force,1.2287508110065524,1
2025-01-01 14:00:29.500,false_sos,g_force,1.854158749938343,1
2025-01-01 14:00:29.600,false_sos,g_force,1.5836647879867662,1
2025-01-01 14:00:29.700,false_sos,g_force,2.040672588474438,1
2025-01-01 14:00:29.800,false_sos,g_force,2.1071386679037465,1
2025-01-01 14:00:29.900,false_sos,g_force,1.9643782560813638,1
2025-01-01 14:00:30.000,false_sos,g_force,1.7172061509511862,1
2025-01-01 14:00:30.100,false_sos,g_force,2.0081956658722016,1
2025-01-01 14:00:30.200,false_sos,g_force,1.4213484930329037,1
2025-01-01 14:00:30.300,false_sos,g_force,1.3117645631917338,1
2025-01-01 14:00:30.400,false_sos,g_force,2.3540072208603346,1
2025-01-01 14:00:30.500,false_sos,g_force,2.258803532804793,1
2025-01-01 14:00:30.600,false_sos,g_force,1.5685785812948025,1
2025-01-01 14:00:30.700,false_sos,g_force,1.735783931020333,1
2025-01-01 14:00:30.800,false_sos,g_force,1.953162844898306,1
2025-01-01 14:00:30.900,false_sos,g_force,2.2931746994669795,1
2025-01-01 14:00:31.000,false_sos,g_force,1.4424568599429122,1
2025-01-01 14:00:31.100,false_sos,g_force,1.715246220581262,1
2025-01-01 14:00:31.200,false_sos,g_force,1.705789270952199,1
2025-01-01 14:00:31.300,false_sos,g_force,2.095195668673908,1
2025-01-01 14:00:31.400,false_sos,g_force,1.8996924685066232,1
2025-01-01 14:00:31.500,false_sos,g_force,3.0076636015253175,1
2025-01-01 14:00:31.600,false_sos,g_force,3.722661606194102,1
2025-01-01 14:00:31.700,false_sos,g_force,6.236269333419263,1
2025-01-01 14:00:31.800,false_sos,g_force,7.715750233537184,1
2025-01-01 14:00:31.900,false_sos,g_force,8.548744926042993,1
2025-01-01 14:00:32.000,false_sos,g_force,8.665157682022818,1
2025-01-01 14:00:32.100,false_sos,g_force,9.183377883787136,1
2025-01-01 14:00:32.200,false_sos,g_force,6.7116343299222985,1
2025-01-01 14:00:32.300,false_sos,g_force,5.805425093450474,1
2025-01-01 14:00:32.400,false_sos,g_force,1.3549895213965955,1
2025-01-01 14:00:32.500,false_sos,g_force,1.852992624634374,1
2025-01-01 14:00:32.600,false_sos,g_force,2.1581075356510064,1
2025-01-01 14:00:32.700,false_sos,g_force,1.6812013914357404,1
2025-01-01 14:00:32.800,false_sos,g_force,1.7138882812475253,1
2025-01-01 14:00:32.900,false_sos,g_force,1.7619270917538552,1
2025-01-01 14:00:33.000,false_sos,g_force,1.6362974259710834,1
2025-01-01 14:00:33.100,false_sos,g_force,1.623356808778322,1
2025-01-01 14:00:33.200,false_sos,g_force,1.937596104234223,1
2025-01-01 14:00:33.300,false_sos,g_force,1.4019991585070841,1
2025-01-01 14:00:33.400,false_sos,g_force,1.7627098295441619,1
2025-01-01 14:00:33.500,false_sos,g_force,1.9935346561029799,1
2025-01-01 14:00:33.600,false_sos,g_force,1.5333612664869594,1
2025-01-01 14:00:33.700,false_sos,g_force,1.4701763549468045,1
2025-01-01 14:00:33.800,false_sos,g_force,1.9779556626255201,1
2025-01-01 14:00:33.900,false_sos,g_force,1.5371332363972428,1
2025-01-01 14:00:34.000,false_sos,g_force,1.8095524211633436,1
2025-01-01 14:00:34.100,false_sos,g_force,2.340471667569336,1
2025-01-01 14:00:34.200,false_sos,g_force,1.7808520397114709,1
2025-01-01 14:00:34.300,false_sos,g_force,2.500981157898745,1
2025-01-01 14:00:34.400,false_sos,g_force,1.201295959244407,1
2025-01-01 14:00:34.500,false_sos,g_force,1.8548994402891996,1
2025-01-01 14:00:34.600,false_sos,g_force,1.2383399798252404,1
2025-01-01 14:00:34.700,false_sos,g_force,1.890830954710424,1
2025-01-01 14:00:34.800,false_sos,g_force,2.069399618037691,1
2025-01-01 14:00:34.900,false_sos,g_force,2.147510294292031,1
2025-01-01 14:00:35.000,false_sos,g_force,2.3317116312487007,1
2025-01-01 14:00:35.100,false_sos,g_force,1.569344253602135,1
2025-01-01 14:00:35.200,false_sos,g_force,2.0636742526721807,1
2025-01-01 14:00:35.300,false_sos,g_force,1.6045627100186381,1
2025-01-01 14:00:35.400,false_sos,g_force,1.7738380778912732,1
2025-01-01 14:00:35.500,false_sos,g_force,1.741282886280431,1
2025-01-01 14:00:35.600,false_sos,g_force,1.664221291015946,1
2025-01-01 14:00:35.700,false_sos,g_force,1.6440077809245264,1
2025-01-01 14:00:35.800,false_sos,g_force,1.9243329833355454,1
2025-01-01 14:00:35.900,false_sos,g_force,1.8240028800581254,1
2025-01-01 14:00:36.000,false_sos,g_force,2.050549007400802,1
2025-01-01 14:00:36.100,false_sos,g_force,1.7578307951789898,1
2025-01-01 14:00:36.200,false_sos,g_force,2.083805432128232,1
2025-01-01 14:00:36.300,false_sos,g_force,1.970911208828345,1
2025-01-01 14:00:36.400,false_sos,g_force,2.023858175605682,1
2025-01-01 14:00:36.500,false_sos,g_force,1.7557768683361894,1
2025-01-01 14:00:36.600,false_sos,g_force,1.6478486743956884,1
2025-01-01 14:00:36.700,false_sos,g_force,1.7999141675626746,1
2025-01-01 14:00:36.800,false_sos,g_force,2.1876671701593957,1
2025-01-01 14:00:36.900,false_sos,g_force,1.949632785985321,1
2025-01-01 14:00:37.000,false_sos,g_force,1.339611931577999,1
2025-01-01 14:00:37.100,false_sos,g_force,1.831493757956739,1
2025-01-01 14:00:37.200,false_sos,g_force,1.9618527220462032,1
2025-01-01 14:00:37.300,false_sos,g_force,1.8411956821948965,1
2025-01-01 14:00:37.400,false_sos,g_force,3.443208586744676,1
2025-01-01 14:00:37.500,false_sos,g_force,3.7289512725739447,1
2025-01-01 14:00:37.600,false_sos,g_force,5.436827230395593,1
2025-01-01 14:00:37.700,false_sos,g_force,6.309269874196029,1
2025-01-01 14:00:37.800,false_sos,g_force,7.198600285589462,1
2025-01-01 14:00:37.900,false_sos,g_force,7.851066932695446,1
2025-01-01 14:00:38.000,false_sos,g_force,8.319814400536176,1
2025-01-01 14:00:38.100,false_sos,g_force,8.342403944031506,1
2025-01-01 14:00:38.200,false_sos,g_force,7.712243052684126,1
2025-01-01 14:00:38.300,false_sos,g_force,6.800440183591667,1
2025-01-01 14:00:38.400,false_sos,g_force,5.4444366718234045,1
2025-01-01 14:00:38.500,false_sos,g_force,4.421674954292036,1
2025-01-01 14:00:38.600,false_sos,g_force,1.9815232767297308,1
2025-01-01 14:00:38.700,false_sos,g_force,2.2458827989799865,1
2025-01-01 14:00:38.800,false_sos,g_force,2.0270392135529516,1
2025-01-01 14:00:38.900,false_sos,g_force,2.244954261875141,1
2025-01-01 14:00:39.000,false_sos,g_force,1.7622757194131136,1
2025-01-01 14:00:39.100,false_sos,g_force,1.905654456363466,1
2025-01-01 14:00:39.200,false_sos,g_force,1.5224160253619874,1
2025-01-01 14:00:39.300,false_sos,g_force,1.370157226371682,1
2025-01-01 14:00:39.400,false_sos,g_force,1.6017644877887933,1
2025-01-01 14:00:39.500,false_sos,g_force,1.3111419691816235,1
2025-01-01 14:00:39.600,false_sos,g_force,1.2668664954461883,1
2025-01-01 14:00:39.700,false_sos,g_force,1.4331819209679466,1
2025-01-01 14:00:39.800,false_sos,g_force,1.760007354807457,1
2025-01-01 14:00:39.900,false_sos,g_force,1.8221821123340332,1
2025-01-01 14:00:40.000,false_sos,g_force,2.1279710804020286,1
2025-01-01 14:00:40.100,false_sos,g_force,1.6119594947235767,1
2025-01-01 14:00:40.200,false_sos,g_force,1.9145861165318758,1
2025-01-01 14:00:40.300,false_sos,g_force,2.2379157740388838,1
2025-01-01 14:00:40.400,false_sos,g_force,2.02882094315579,1
2025-01-01 14:00:40.500,false_sos,g_force,1.334727203376797,1
2025-01-01 14:00:40.600,false_sos,g_force,1.4193380319792466,1
2025-01-01 14:00:40.700,false_sos,g_force,1.7647631382303044,1
2025-01-01 14:00:40.800,false_sos,g_force,1.9510608492468127,1
2025-01-01 14:00:40.900,false_sos,g_force,2.200540922591792,1
2025-01-01 14:00:41.000,false_sos,g_force,2.3676108128776905,1
2025-01-01 14:00:41.100,false_sos,g_force,1.8833610984181846,1
2025-01-01 14:00:41.200,false_sos,g_force,1.7877986717210084,1
2025-01-01 14:00:41.300,false_sos,g_force,1.1451563888751966,1
2025-01-01 14:00:41.400,false_sos,g_force,2.0676483391298097,1
2025-01-01 14:00:41.500,false_sos,g_force,1.6473761708459433,1
2025-01-01 14:00:41.600,false_sos,g_force,1.6387966906829723,1
2025-01-01 14:00:41.700,false_sos,g_force,1.7277181693363117,1
2025-01-01 14:00:41.800,false_sos,g_force,2.2134032493381173,1
2025-01-01 14:00:41.900,false_sos,g_force,1.8660498480323349,1
2025-01-01 14:00:42.000,false_sos,g_force,1.2162485085883485,1
2025-01-01 14:00:42.100,false_sos,g_force,1.8133852629852873,1
2025-01-01 14:00:42.200,false_sos,g_force,2.0264632697947382,1
2025-01-01 14:00:42.300,false_sos,g_force,1.789796223679803,1
2025-01-01 14:00:42.400,false_sos,g_force,2.07071970117899,1
2025-01-01 14:00:42.500,false_sos,g_force,1.8882135146402401,1
2025-01-01 14:00:42.600,false_sos,g_force,2.4647668350639216,1
2025-01-01 14:00:42.700,false_sos,g_force,1.6122309292480799,1
2025-01-01 14:00:42.800,false_sos,g_force,2.0179865889530166,1
2025-01-01 14:00:42.900,false_sos,g_force,2.0733041249156976,1
2025-01-01 14:00:43.000,false_sos,g_force,1.302935215485722,1
2025-01-01 14:00:43.100,false_sos,g_force,2.174961766099449,1
2025-01-01 14:00:43.200,false_sos,g_force,2.3194355411062224,1
2025-01-01 14:00:43.300,false_sos,g_force,2.816984025841306,1
2025-01-01 14:00:43.400,false_sos,g_force,3.332904120300773,1
2025-01-01 14:00:43.500,false_sos,g_force,4.115789386128649,1
2025-01-01 14:00:43.600,false_sos,g_force,4.8282939130808025,1
2025-01-01 14:00:43.700,false_sos,g_force,5.865758629504468,1
2025-01-01 14:00:43.800,false_sos,g_force,6.815603362863312,1
2025-01-01 14:00:43.900,false_sos,g_force,7.379191009565041,1
2025-01-01 14:00:44.000,false_sos,g_force,7.259223602180561,1
2025-01-01 14:00:44.100,false_sos,g_force,6.924862523997832,1
2025-01-01 14:00:44.200,false_sos,g_force,6.456260834850815,1
2025-01-01 14:00:44.300,false_sos,g_force,5.905720444062419,1
2025-01-01 14:00:44.400,false_sos,g_force,5.371813560616184,1
2025-01-01 14:00:44.500,false_sos,g_force,4.139345403751032,1
2025-01-01 14:00:44.600,false_sos,g_force,1.2477425328181448,1
2025-01-01 14:00:44.700,false_sos,g_force,1.5700599721945898,1
2025-01-01 14:00:44.800,false_sos,g_force,1.7246037905765688,1
2025-01-01 14:00:44.900,false_sos,g_force,1.3006543501056975,1
2025-01-01 14:00:45.000,false_sos,g_force,2.287365929353962,1
2025-01-01 14:00:45.100,false_sos,g_force,2.1250375104840473,1
2025-01-01 14:00:45.200,false_sos,g_force,1.8771937810549386,1
2025-01-01 14:00:45.300,false_sos,g_force,2.0025223344153713,1
2025-01-01 14:00:45.400,false_sos,g_force,1.0417041390387598,1
2025-01-01 14:00:45.500,false_sos,g_force,1.7236099193668564,1
2025-01-01 14:00:45.600,false_sos,g_force,1.8047472760029273,1
2025-01-01 14:00:45.700,false_sos,g_force,1.6228002414167313,1
2025-01-01 14:00:45.800,false_sos,g_force,1.864827140392983,1
2025-01-01 14:00:45.900,false_sos,g_force,1.716019791290965,1
2025-01-01 14:00:46.000,false_sos,g_force,1.9231891014818818,1
2025-01-01 14:00:46.100,false_sos,g_force,0.8443770216914245,1
2025-01-01 14:00:46.200,false_sos,g_force,2.0526812102083296,1
2025-01-01 14:00:46.300,false_sos,g_force,1.585539905636814,1
2025-01-01 14:00:46.400,false_sos,g_force,1.6448100304755147,1
2025-01-01 14:00:46.500,false_sos,g_force,1.573992344191313,1
2025-01-01 14:00:46.600,false_sos,g_force,1.4978185031756797,1
2025-01-01 14:00:46.700,false_sos,g_force,1.8469101236431176,1
2025-01-01 14:00:46.800,false_sos,g_force,1.9093179851784678,1
2025-01-01 14:00:46.900,false_sos,g_force,1.685510725535466,1
2025-01-01 14:00:47.000,false_sos,g_force,1.7045971783812943,1
2025-01-01 14:00:47.100,false_sos,g_force,1.9460380637763321,1
2025-01-01 14:00:47.200,false_sos,g_force,1.9988001799945834,1
2025-01-01 14:00:47.300,false_sos,g_force,1.7389988439556527,1
2025-01-01 14:00:47.400,false_sos,g_force,2.18064209460678,1
2025-01-01 14:00:47.500,false_sos,g_force,1.7718492155628602,1
2025-01-01 14:00:47.600,false_sos,g_force,1.9104325053493116,1
2025-01-01 14:00:47.700,false_sos,g_force,2.0389838253220325,1
2025-01-01 14:00:47.800,false_sos,g_force,1.8685804130651475,1
2025-01-01 14:00:47.900,false_sos,g_force,1.9496384759521683,1
2025-01-01 14:00:48.000,false_sos,g_force,2.0297532464042245,1
2025-01-01 14:00:48.100,false_sos,g_force,1.831979173730224,1
2025-01-01 14:00:48.200,false_sos,g_force,0.9086987181210969,1
2025-01-01 14:00:48.300,false_sos,g_force,2.243912425182252,1
2025-01-01 14:00:48.400,false_sos,g_force,1.7430470836913954,1
2025-01-01 14:00:48.500,false_sos,g_force,1.4339246783742197,1
2025-01-01 14:00:48.600,false_sos,g_force,1.4022412561018682,1
2025-01-01 14:00:48.700,false_sos,g_force,1.9761022847652114,1
2025-01-01 14:00:48.800,false_sos,g_force,2.046891316457225,1
2025-01-01 14:00:48.900,false_sos,g_force,1.9253005375456034,1
2025-01-01 14:00:49.000,false_sos,g_force,1.6340849033779077,1
2025-01-01 14:00:49.100,false_sos,g_force,1.4088057524294342,1
2025-01-01 14:00:49.200,false_sos,g_force,1.8268394918187931,1
2025-01-01 14:00:49.300,false_sos,g_force,3.614984131790064,1
2025-01-01 14:00:49.400,false_sos,g_force,4.610374413933463,1
2025-01-01 14:00:49.500,false_sos,g_force,5.21368462991838,1
2025-01-01 14:00:49.600,false_sos,g_force,7.096958632803346,1
2025-01-01 14:00:49.700,false_sos,g_force,7.669279159789365,1
2025-01-01 14:00:49.800,false_sos,g_force,8.716583540249065,1
2025-01-01 14:00:49.900,false_sos,g_force,8.940666563645536,1
2025-01-01 14:00:50.000,false_sos,g_force,9.46142898885109,1
2025-01-01 14:00:50.100,false_sos,g_force,8.897175635022359,1
2025-01-01 14:00:50.200,false_sos,g_force,8.85691227556557,1
2025-01-01 14:00:50.300,false_sos,g_force,7.592168289615179,1
2025-01-01 14:00:50.400,false_sos,g_force,6.466752549288719,1
2025-01-01 14:00:50.500,false_sos,g_force,6.146459512070378,1
2025-01-01 14:00:50.600,false_sos,g_force,4.679179157776975,1
2025-01-01 14:00:50.700,false_sos,g_force,1.639461922106887,1
2025-01-01 14:00:50.800,false_sos,g_force,1.688189127992687,1
2025-01-01 14:00:50.900,false_sos,g_force,1.7839955667251195,1
2025-01-01 14:00:51.000,false_sos,g_force,1.8491263400427775,1
2025-01-01 14:00:51.100,false_sos,g_force,1.9025078805732167,1
2025-01-01 14:00:51.200,false_sos,g_force,1.8991185845237613,1
2025-01-01 14:00:51.300,false_sos,g_force,2.1817304065928504,1
2025-01-01 14:00:51.400,false_sos,g_force,1.4021200150696078,1
2025-01-01 14:00:51.500,false_sos,g_force,1.4233373541803553,1
2025-01-01 14:00:51.600,false_sos,g_force,1.3985067544012604,1
2025-01-01 14:00:51.700,false_sos,g_force,1.5169044349476979,1
2025-01-01 14:00:51.800,false_sos,g_force,1.5819244682558544,1
2025-01-01 14:00:51.900,false_sos,g_force,2.066809780848126,1
2025-01-01 14:00:52.000,false_sos,g_force,1.5134355504859534,1
2025-01-01 14:00:52.100,false_sos,g_force,2.11206263092741,1
2025-01-01 14:00:52.200,false_sos,g_force,1.9519416106915506,1
2025-01-01 14:00:52.300,false_sos,g_force,1.9859711548434171,1
2025-01-01 14:00:52.400,false_sos,g_force,1.5534202546985545,1
2025-01-01 14:00:52.500,false_sos,g_force,1.9079067598609192,1
2025-01-01 14:00:52.600,false_sos,g_force,2.0767160293711546,1
2025-01-01 14:00:52.700,false_sos,g_force,2.1911503506442047,1
2025-01-01 14:00:52.800,false_sos,g_force,1.9953193614212477,1
2025-01-01 14:00:52.900,false_sos,g_force,1.8531303885951744,1
2025-01-01 14:00:53.000,false_sos,g_force,2.0696488172189818,1
2025-01-01 14:00:53.100,false_sos,g_force,1.6509255034392036,1
2025-01-01 14:00:53.200,false_sos,g_force,1.9258930486973884,1
2025-01-01 14:00:53.300,false_sos,g_force,1.921505712659263,1
2025-01-01 14:00:53.400,false_sos,g_force,1.7614977904349558,1
2025-01-01 14:00:53.500,false_sos,g_force,1.6081674154751435,1
2025-01-01 14:00:53.600,false_sos,g_force,1.861303883230303,1
2025-01-01 14:00:53.700,false_sos,g_force,1.4148851954530361,1
2025-01-01 14:00:53.800,false_sos,g_force,1.3644682199761524,1
2025-01-01 14:00:53.900,false_sos,g_force,1.766127349282546,1
2025-01-01 14:00:54.000,false_sos,g_force,1.741783573847533,1
2025-01-01 14:00:54.100,false_sos,g_force,2.3766343393925533,1
2025-01-01 14:00:54.200,false_sos,g_force,1.686993559733204,1
2025-01-01 14:00:54.300,false_sos,g_force,1.9805751229900757,1
2025-01-01 14:00:54.400,false_sos,g_force,1.9378590449343396,1
2025-01-01 14:00:54.500,false_sos,g_force,1.598753428550996,1
2025-01-01 14:00:54.600,false_sos,g_force,1.763807836035101,1
2025-01-01 14:00:54.700,false_sos,g_force,1.45301316977167,1
2025-01-01 14:00:54.800,false_sos,g_force,1.781409432311273,1
2025-01-01 14:00:54.900,false_sos,g_force,2.2281693300448753,1
2025-01-01 14:00:55.000,false_sos,g_force,1.2692597354117834,1
2025-01-01 14:00:55.100,false_sos,g_force,1.8193435601121108,1
2025-01-01 14:00:55.200,false_sos,g_force,2.0687902915737912,1
2025-01-01 14:00:55.300,false_sos,g_force,3.0587772112295277,1
2025-01-01 14:00:55.400,false_sos,g_force,4.160865460102357,1
2025-01-01 14:00:55.500,false_sos,g_force,5.189469520591088,1
2025-01-01 14:00:55.600,false_sos,g_force,4.9407655448155365,1
2025-01-01 14:00:55.700,false_sos,g_force,6.4612353203882495,1
2025-01-01 14:00:55.800,false_sos,g_force,7.223919713547295,1
2025-01-01 14:00:55.900,false_sos,g_force,7.121724032140722,1
2025-01-01 14:00:56.000,false_sos,g_force,7.348791616996356,1
2025-01-01 14:00:56.100,false_sos,g_force,7.208694630961673,1
2025-01-01 14:00:56.200,false_sos,g_force,7.109455279799765,1
2025-01-01 14:00:56.300,false_sos,g_force,6.178122090282544,1
2025-01-01 14:00:56.400,false_sos,g_force,5.412791057996098,1
2025-01-01 14:00:56.500,false_sos,g_force,3.982084930917712,1
2025-01-01 14:00:56.600,false_sos,g_force,4.049360209724649,1
2025-01-01 14:00:56.700,false_sos,g_force,1.8234357424619856,1
2025-01-01 14:00:56.800,false_sos,g_force,1.4825484946266807,1
2025-01-01 14:00:56.900,false_sos,g_force,1.8641219960333475,1
2025-01-01 14:00:57.000,false_sos,g_force,1.6274912175883478,1
2025-01-01 14:00:57.100,false_sos,g_force,1.726308322756466,1
2025-01-01 14:00:57.200,false_sos,g_force,1.9704620150134953,1
2025-01-01 14:00:57.300,false_sos,g_force,1.8953700920995353,1
2025-01-01 14:00:57.400,false_sos,g_force,1.7822570154110795,1
2025-01-01 14:00:57.500,false_sos,g_force,1.8541798599644597,1
2025-01-01 14:00:57.600,false_sos,g_force,1.643134310098642,1
2025-01-01 14:00:57.700,false_sos,g_force,1.7479902572355166,1
2025-01-01 14:00:57.800,false_sos,g_force,1.9128918759773612,1
2025-01-01 14:00:57.900,false_sos,g_force,2.130259817582144,1
2025-01-01 14:00:58.000,false_sos,g_force,1.229535166202591,1
2025-01-01 14:00:58.100,false_sos,g_force,1.7273201839150576,1
2025-01-01 14:00:58.200,false_sos,g_force,1.778264371928207,1
2025-01-01 14:00:58.300,false_sos,g_force,1.6500408105740576,1
2025-01-01 14:00:58.400,false_sos,g_force,1.6101518962171428,1
2025-01-01 14:00:58.500,false_sos,g_force,2.2467244469802417,1
2025-01-01 14:00:58.600,false_sos,g_force,1.6723860426501733,1
2025-01-01 14:00:58.700,false_sos,g_force,1.6111882275991556,1
2025-01-01 14:00:58.800,false_sos,g_force,1.9602870310985574,1
2025-01-01 14:00:58.900,false_sos,g_force,2.448373232561017,1
2025-01-01 14:00:59.000,false_sos,g_force,1.9074308241633846,1
2025-01-01 14:00:59.100,false_sos,g_force,1.933661140706506,1
2025-01-01 14:00:59.200,false_sos,g_force,1.5750865556632596,1
2025-01-01 14:00:59.300,false_sos,g_force,1.7680986084705708,1
2025-01-01 14:00:59.400,false_sos,g_force,1.383942820405545,1
2025-01-01 14:00:59.500,false_sos,g_force,1.8808404670589618,1
2025-01-01 14:00:59.600,false_sos,g_force,2.1321832805740106,1
2025-01-01 14:00:59.700,false_sos,g_force,2.261160584807963,1
2025-01-01 14:00:59.800,false_sos,g_force,1.662047706364808,1
2025-01-01 14:00:59.900,false_sos,g_force,1.8539324666854733,1
2025-01-01 14:01:00.000,false_sos,g_force,1.1087566425013256,0
2025-01-01 14:01:00.100,false_sos,g_force,0.9507573389533456,0
2025-01-01 14:01:00.200,false_sos,g_force,1.1035245037369683,0
2025-01-01 14:01:00.300,false_sos,g_force,0.8108243135473681,0
2025-01-01 14:01:00.400,false_sos,g_force,1.0737148383804445,0
2025-01-01 14:01:00.500,false_sos,g_force,0.9765695832230452,0
2025-01-01 14:01:00.600,false_sos,g_force,1.0240674173123165,0
2025-01-01 14:01:00.700,false_sos,g_force,1.015796478659872,0
2025-01-01 14:01:00.800,false_sos,g_force,1.083108300291987,0
2025-01-01 14:01:00.900,false_sos,g_force,0.9345796318832615,0
2025-01-01 14:01:01.000,false_sos,g_force,0.9868140621293066,0
2025-01-01 14:01:01.100,false_sos,g_force,0.9761754559448593,0
2025-01-01 14:01:01.200,false_sos,g_force,1.0405085399050549,0
2025-01-01 14:01:01.300,false_sos,g_force,1.0013169985269683,0
2025-01-01 14:01:01.400,false_sos,g_force,1.0244485472036646,0
2025-01-01 14:01:01.500,false_sos,g_force,1.031831075964693,0
2025-01-01 14:01:01.600,false_sos,g_force,0.8680264707986896,0
2025-01-01 14:01:01.700,false_sos,g_force,0.9840351769245106,0
2025-01-01 14:01:01.800,false_sos,g_force,1.0108757410586502,0
2025-01-01 14:01:01.900,false_sos,g_force,1.0198128630929209,0
2025-01-01 14:01:02.000,false_sos,g_force,1.200268323755803,0
2025-01-01 14:01:02.100,false_sos,g_force,1.0670458453355,0
2025-01-01 14:01:02.200,false_sos,g_force,1.1069058787388344,0
2025-01-01 14:01:02.300,false_sos,g_force,0.9684451119724038,0
2025-01-01 14:01:02.400,false_sos,g_force,1.0689377765499781,0
2025-01-01 14:01:02.500,false_sos,g_force,1.1479821108692918,0
2025-01-01 14:01:02.600,false_sos,g_force,0.968557096575575,0
2025-01-01 14:01:02.700,false_sos,g_force,0.9543306978690281,0
2025-01-01 14:01:02.800,false_sos,g_force,0.8837386749984044,0
2025-01-01 14:01:02.900,false_sos,g_force,0.9000338780057485,0
2025-01-01 14:01:03.000,false_sos,g_force,1.1378709081610445,0
2025-01-01 14:01:03.100,false_sos,g_force,0.8858780857548089,0
2025-01-01 14:01:03.200,false_sos,g_force,0.9959194137298999,0
2025-01-01 14:01:03.300,false_sos,g_force,1.065877405699784,0
2025-01-01 14:01:03.400,false_sos,g_force,1.0181352617326451,0
2025-01-01 14:01:03.500,false_sos,g_force,1.0249505609598644,0
2025-01-01 14:01:03.600,false_sos,g_force,0.9974406193756659,0
2025-01-01 14:01:03.700,false_sos,g_force,1.0842176587732362,0
2025-01-01 14:01:03.800,false_sos,g_force,0.8909374872616587,0
2025-01-01 14:01:03.900,false_sos,g_force,0.9742635411762987,0
2025-01-01 14:01:04.000,false_sos,g_force,0.9992499929457949,0
2025-01-01 14:01:04.100,false_sos,g_force,0.8532843202953961,0
2025-01-01 14:01:04.200,false_sos,g_force,0.9451953790469126,0
2025-01-01 14:01:04.300,false_sos,g_force,0.9879204344463454,0
2025-01-01 14:01:04.400,false_sos,g_force,1.1238560163208224,0
2025-01-01 14:01:04.500,false_sos,g_force,0.9526147769664297,0
2025-01-01 14:01:04.600,false_sos,g_force,1.0970589146201883,0
2025-01-01 14:01:04.700,false_sos,g_force,0.9461649103101499,0
2025-01-01 14:01:04.800,false_sos,g_force,1.136451369336726,0
2025-01-01 14:01:04.900,false_sos,g_force,0.9700149481836441,0
2025-01-01 14:01:05.000,false_sos,g_force,1.0865983170883529,0
2025-01-01 14:01:05.100,false_sos,g_force,1.2373000077754832,0
2025-01-01 14:01:05.200,false_sos,g_force,1.0817790938365273,0
2025-01-01 14:01:05.300,false_sos,g_force,1.1193349969941162,0
2025-01-01 14:01:05.400,false_sos,g_force,0.917828063332044,0
2025-01-01 14:01:05.500,false_sos,g_force,1.0486006881177126,0
2025-01-01 14:01:05.600,false_sos,g_force,1.0614280590069314,0
2025-01-01 14:01:05.700,false_sos,g_force,0.9875892013820352,0
2025-01-01 14:01:05.800,false_sos,g_force,1.0245690625766246,0
2025-01-01 14:01:05.900,false_sos,g_force,0.9144278394164324,0
2025-01-01 14:01:06.000,false_sos,g_force,0.9645196054817357,0
2025-01-01 14:01:06.100,false_sos,g_force,0.9029440356222147,0
2025-01-01 14:01:06.200,false_sos,g_force,0.8798371182388207,0
2025-01-01 14:01:06.300,false_sos,g_force,1.0599742670387815,0
2025-01-01 14:01:06.400,false_sos,g_force,0.9361834448776158,0
2025-01-01 14:01:06.500,false_sos,g_force,1.0268581278756217,0
2025-01-01 14:01:06.600,false_sos,g_force,1.1496279926179238,0
2025-01-01 14:01:06.700,false_sos,g_force,1.0888741949983853,0
2025-01-01 14:01:06.800,false_sos,g_force,0.9508202944321024,0
2025-01-01 14:01:06.900,false_sos,g_force,0.9806239636338123,0
2025-01-01 14:01:07.000,false_sos,g_force,0.9488205558342677,0
2025-01-01 14:01:07.100,false_sos,g_force,1.0012117278057238,0
2025-01-01 14:01:07.200,false_sos,g_force,1.1382408845096788,0
2025-01-01 14:01:07.300,false_sos,g_force,1.1313706900708234,0
2025-01-01 14:01:07.400,false_sos,g_force,0.959816127996839,0
2025-01-01 14:01:07.500,false_sos,g_force,0.8915759090640276,0
2025-01-01 14:01:07.600,false_sos,g_force,1.0855781042545134,0
2025-01-01 14:01:07.700,false_sos,g_force,0.8175632139072733,0
2025-01-01 14:01:07.800,false_sos,g_force,1.047320884271924,0
2025-01-01 14:01:07.900,false_sos,g_force,0.8183177245313624,0
2025-01-01 14:01:08.000,false_sos,g_force,1.1,0
2025-01-01 14:01:08.100,false_sos,g_force,0.2,0
2025-01-01 14:01:08.200,false_sos,g_force,8.5,0
2025-01-01 14:01:08.300,false_sos,g_force,9.2,0
2025-01-01 14:01:08.400,false_sos,g_force,7.8,0
2025-01-01 14:01:08.500,false_sos,g_force,6.1,0
2025-01-01 14:01:08.600,false_sos,g_force,4.0,0
2025-01-01 14:01:08.700,false_sos,g_force,2.5,0
2025-01-01 14:01:08.800,false_sos,g_force,1.8,0
2025-01-01 14:01:08.900,false_sos,g_force,1.2,0
2025-01-01 14:01:09.000,false_sos,g_force,1.0,0
2025-01-01 14:01:09.100,false_sos,g_force,1.0,0
2025-01-01 14:01:09.200,false_sos,g_force,0.9518241794878782,0
2025-01-01 14:01:09.300,false_sos,g_force,0.9871734398818985,0
2025-01-01 14:01:09.400,false_sos,g_force,0.9651833562719506,0
2025-01-01 14:01:09.500,false_sos,g_force,1.0260425813578253,0
2025-01-01 14:01:09.600,false_sos,g_force,1.0673850308901955,0
2025-01-01 14:01:09.700,false_sos,g_force,0.9447320183252588,0
2025-01-01 14:01:09.800,false_sos,g_force,0.9835300597008791,0
2025-01-01 14:01:09.900,false_sos,g_force,0.9265854132305318,0
2025-01-01 14:01:10.000,false_sos,g_force,1.018937299762831,0
2025-01-01 14:01:10.100,false_sos,g_force,0.9809113029620077,0
2025-01-01 14:01:10.200,false_sos,g_force,1.034213371621875,0
2025-01-01 14:01:10.300,false_sos,g_force,0.98345648522903,0
2025-01-01 14:01:10.400,false_sos,g_force,1.014406539152246,0
2025-01-01 14:01:10.500,false_sos,g_force,0.8696097212229659,0
2025-01-01 14:01:10.600,false_sos,g_force,0.9522287098515555,0
2025-01-01 14:01:10.700,false_sos,g_force,0.9683658088485136,0
2025-01-01 14:01:10.800,false_sos,g_force,1.0166795716772743,0
2025-01-01 14:01:10.900,false_sos,g_force,0.9158652388545698,0
2025-01-01 14:01:11.000,false_sos,g_force,0.9587572523473434,0
2025-01-01 14:01:11.100,false_sos,g_force,1.0794047805342204,0
2025-01-01 14:01:11.200,false_sos,g_force,1.036303200895666,0
2025-01-01 14:01:11.300,false_sos,g_force,0.9490418506323375,0
2025-01-01 14:01:11.400,false_sos,g_force,0.9993409943683715,0
2025-01-01 14:01:11.500,false_sos,g_force,0.9743545921963487,0
2025-01-01 14:01:11.600,false_sos,g_force,1.0198996550930048,0
2025-01-01 14:01:11.700,false_sos,g_force,0.9778606010579914,0
2025-01-01 14:01:11.800,false_sos,g_force,0.92570379245396,0
2025-01-01 14:01:11.900,false_sos,g_force,1.0099723887158263,0
2025-01-01 14:01:12.000,false_sos,g_force,0.8784318578965029,0
2025-01-01 14:01:12.100,false_sos,g_force,1.0535606747931603,0
2025-01-01 14:01:12.200,false_sos,g_force,1.0791849006328025,0
2025-01-01 14:01:12.300,false_sos,g_force,1.0712732211848883,0
2025-01-01 14:01:12.400,false_sos,g_force,0.8908283726385532,0
2025-01-01 14:01:12.500,false_sos,g_force,0.9901688361280053,0
2025-01-01 14:01:12.600,false_sos,g_force,1.069303699776441,0
2025-01-01 14:01:12.700,false_sos,g_force,1.0197774362436316,0
2025-01-01 14:01:12.800,false_sos,g_force,1.0267101852696867,0
2025-01-01 14:01:12.900,false_sos,g_force,1.013853969393662,0
2025-01-01 14:01:13.000,false_sos,g_force,1.0659162793667154,0
2025-01-01 14:01:13.100,false_sos,g_force,0.9900357291876059,0
2025-01-01 14:01:13.200,false_sos,g_force,0.872613506464554,0
2025-01-01 14:01:13.300,false_sos,g_force,1.025882777175332,0
2025-01-01 14:01:13.400,false_sos,g_force,1.1759456360704048,0
2025-01-01 14:01:13.500,false_sos,g_force,1.0609377675472182,0
2025-01-01 14:01:13.600,false_sos,g_force,1.0531698443512123,0
2025-01-01 14:01:13.700,false_sos,g_force,1.160343025249934,0
2025-01-01 14:01:13.800,false_sos,g_force,0.9427126080819009,0
2025-01-01 14:01:13.900,false_sos,g_force,0.9239482410744697,0
2025-01-01 14:01:14.000,false_sos,g_force,0.9710415620776389,0
2025-01-01 14:01:14.100,false_sos,g_force,1.0409168322032127,0
2025-01-01 14:01:14.200,false_sos,g_force,1.148280450683465,0
2025-01-01 14:01:14.300,false_sos,g_force,1.0920596825700057,0
2025-01-01 14:01:14.400,false_sos,g_force,1.0007610124014237,0
2025-01-01 14:01:14.500,false_sos,g_force,1.1216106732351794,0
2025-01-01 14:01:14.600,false_sos,g_force,1.0303542618956143,0
2025-01-01 14:01:14.700,false_sos,g_force,1.0302003260665649,0
2025-01-01 14:01:14.800,false_sos,g_force,0.9920648657792052,0
2025-01-01 14:01:14.900,false_sos,g_force,0.9325134454344786,0
2025-01-01 14:01:15.000,false_sos,g_force,0.9876974111223373,0
2025-01-01 14:01:15.100,false_sos,g_force,0.927089808842834,0
2025-01-01 14:01:15.200,false_sos,g_force,0.8389312201687256,0
2025-01-01 14:01:15.300,false_sos,g_force,0.9388442201833522,0
2025-01-01 14:01:15.400,false_sos,g_force,1.111878157868352,0
2025-01-01 14:01:15.500,false_sos,g_force,0.982980331437367,0
2025-01-01 14:01:15.600,false_sos,g_force,0.8909231230002032,0
2025-01-01 14:01:15.700,false_sos,g_force,1.0161121200436225,0
2025-01-01 14:01:15.800,false_sos,g_force,1.1950808053615962,0
2025-01-01 14:01:15.900,false_sos,g_force,0.9960116483889823,0
2025-01-01 14:01:16.000,false_sos,g_force,1.2026812012555057,0
2025-01-01 14:01:16.100,false_sos,g_force,1.0498948436333229,0
2025-01-01 14:01:16.200,false_sos,g_force,0.8411324671211547,0
2025-01-01 14:01:16.300,false_sos,g_force,1.0324590401684828,0
2025-01-01 14:01:16.400,false_sos,g_force,1.1766784590513553,0
2025-01-01 14:01:16.500,false_sos,g_force,1.0469684915957453,0
2025-01-01 14:01:16.600,false_sos,g_force,0.9122523247839961,0
2025-01-01 14:01:16.700,false_sos,g_force,1.0387294735876926,0
2025-01-01 14:01:16.800,false_sos,g_force,1.1132691956736915,0
2025-01-01 14:01:16.900,false_sos,g_force,0.882639064514646,0
2025-01-01 14:01:17.000,false_sos,g_force,1.0184322258685254,0
2025-01-01 14:01:17.100,false_sos,g_force,1.034555751631314,0
2025-01-01 14:01:17.200,false_sos,g_force,1.0942536464290638,0
2025-01-01 14:01:17.300,false_sos,g_force,0.9768771993057652,0
2025-01-01 14:01:17.400,false_sos,g_force,0.9381857798090615,0
2025-01-01 14:01:17.500,false_sos,g_force,1.058573656414993,0
2025-01-01 14:01:17.600,false_sos,g_force,1.0343738075558113,0
2025-01-01 14:01:17.700,false_sos,g_force,1.0034283087735743,0
2025-01-01 14:01:17.800,false_sos,g_force,0.9691665751449202,0
2025-01-01 14:01:17.900,false_sos,g_force,1.074932257489775,0
2025-01-01 14:01:18.000,false_sos,g_force,0.9671433805615988,0
2025-01-01 14:01:18.100,false_sos,g_force,1.1844627587679672,0
2025-01-01 14:01:18.200,false_sos,g_force,0.9792432496301149,0
2025-01-01 14:01:18.300,false_sos,g_force,1.1100519311756893,0
2025-01-01 14:01:18.400,false_sos,g_force,1.0931662531002744,0
2025-01-01 14:01:18.500,false_sos,g_force,1.0423942261135573,0
2025-01-01 14:01:18.600,false_sos,g_force,0.9958020921527162,0
2025-01-01 14:01:18.700,false_sos,g_force,1.0962793785836213,0
2025-01-01 14:01:18.800,false_sos,g_force,1.016197853765675,0
2025-01-01 14:01:18.900,false_sos,g_force,0.9354216379658373,0
2025-01-01 14:01:19.000,false_sos,g_force,1.0147448385564344,0
2025-01-01 14:01:19.100,false_sos,g_force,1.0401884752287704,0
2025-01-01 14:01:19.200,false_sos,g_force,0.8669958119972543,0
2025-01-01 14:01:19.300,false_sos,g_force,1.0952686709915034,0
2025-01-01 14:01:19.400,false_sos,g_force,0.8544560534138166,0
2025-01-01 14:01:19.500,false_sos,g_force,1.0239992910059605,0
2025-01-01 14:01:19.600,false_sos,g_force,0.997244830369487,0
2025-01-01 14:01:19.700,false_sos,g_force,0.8660100352639851,0
2025-01-01 14:01:19.800,false_sos,g_force,0.9848472209023917,0
2025-01-01 14:01:19.900,false_sos,g_force,0.9192908367034616,0
2025-01-01 23:00:00.000,battery_drain,cpu_pct,3.74506453387737,0
2025-01-01 23:01:00.000,battery_drain,cpu_pct,4.7818202126064095,0
2025-01-01 23:02:00.000,battery_drain,cpu_pct,3.0354640615199853,0
2025-01-01 23:03:00.000,battery_drain,cpu_pct,3.0894370478501543,0
2025-01-01 23:04:00.000,battery_drain,cpu_pct,4.430444711734252,0
2025-01-01 23:05:00.000,battery_drain,cpu_pct,3.3072758038550267,0
2025-01-01 23:06:00.000,battery_drain,cpu_pct,3.6978678390557462,0
2025-01-01 23:07:00.000,battery_drain,cpu_pct,3.3601001856130783,0
2025-01-01 23:08:00.000,battery_drain,cpu_pct,3.3406388891492718,0
2025-01-01 23:09:00.000,battery_drain,cpu_pct,4.043872005990354,0
2025-01-01 23:10:00.000,battery_drain,cpu_pct,3.255405420623099,0
2025-01-01 23:11:00.000,battery_drain,cpu_pct,3.577110354283244,0
2025-01-01 23:12:00.000,battery_drain,cpu_pct,4.305524016752743,0
2025-01-01 23:13:00.000,battery_drain,cpu_pct,6.191899778050504,0
2025-01-01 23:14:00.000,battery_drain,cpu_pct,3.0357000190532006,0
2025-01-01 23:15:00.000,battery_drain,cpu_pct,3.4971045324192116,0
2025-01-01 23:16:00.000,battery_drain,cpu_pct,3.664593483273894,0
2025-01-01 23:17:00.000,battery_drain,cpu_pct,3.1654815010589696,0
2025-01-01 23:18:00.000,battery_drain,cpu_pct,3.7354490512962366,0
2025-01-01 23:19:00.000,battery_drain,cpu_pct,3.896543038928006,0
2025-01-01 23:20:00.000,battery_drain,cpu_pct,4.61232401898261,0
2025-01-01 23:21:00.000,battery_drain,cpu_pct,4.739554886912167,0
2025-01-01 23:22:00.000,battery_drain,cpu_pct,4.175385437780148,0
2025-01-01 23:23:00.000,battery_drain,cpu_pct,3.444697629539157,0
2025-01-01 23:24:00.000,battery_drain,cpu_pct,3.790074010647569,0
2025-01-01 23:25:00.000,battery_drain,cpu_pct,3.653477203246297,0
2025-01-01 23:26:00.000,battery_drain,cpu_pct,3.028874297171133,0
2025-01-01 23:27:00.000,battery_drain,cpu_pct,3.0922387658201584,0
2025-01-01 23:28:00.000,battery_drain,cpu_pct,4.657879612129031,0
2025-01-01 23:29:00.000,battery_drain,cpu_pct,3.4058891060806396,0
2025-01-01 23:30:00.000,battery_drain,cpu_pct,3.468121382505206,0
2025-01-01 23:31:00.000,battery_drain,cpu_pct,3.6535188972994748,0
2025-01-01 23:32:00.000,battery_drain,cpu_pct,3.21611412625961,0
2025-01-01 23:33:00.000,battery_drain,cpu_pct,3.93319379261846,0
2025-01-01 23:34:00.000,battery_drain,cpu_pct,3.661524786440054,0
2025-01-01 23:35:00.000,battery_drain,cpu_pct,3.041266917528551,0
2025-01-01 23:36:00.000,battery_drain,cpu_pct,4.027622660985422,0
2025-01-01 23:37:00.000,battery_drain,cpu_pct,3.629335114187308,0
2025-01-01 23:38:00.000,battery_drain,cpu_pct,3.609838566132202,0
2025-01-01 23:39:00.000,battery_drain,cpu_pct,7.0194363911071695,0
2025-01-01 23:40:00.000,battery_drain,cpu_pct,3.1847724335150427,0
2025-01-01 23:41:00.000,battery_drain,cpu_pct,3.3119390035855507,0
2025-01-01 23:42:00.000,battery_drain,cpu_pct,3.911821463451577,0
2025-01-01 23:43:00.000,battery_drain,cpu_pct,3.2428534562957614,0
2025-01-01 23:44:00.000,battery_drain,cpu_pct,5.680707918292175,0
2025-01-01 23:45:00.000,battery_drain,cpu_pct,4.358970623121472,0
2025-01-01 23:46:00.000,battery_drain,cpu_pct,3.280687469685077,0
2025-01-01 23:47:00.000,battery_drain,cpu_pct,5.514792404253557,0
2025-01-01 23:48:00.000,battery_drain,cpu_pct,3.9345907991699134,0
2025-01-01 23:49:00.000,battery_drain,cpu_pct,3.4102915579243493,0
2025-01-01 23:50:00.000,battery_drain,cpu_pct,5.636498288373513,0
2025-01-01 23:51:00.000,battery_drain,cpu_pct,3.246088997622886,0
2025-01-01 23:52:00.000,battery_drain,cpu_pct,4.155273041187722,0
2025-01-01 23:53:00.000,battery_drain,cpu_pct,3.8004799440271695,0
2025-01-01 23:54:00.000,battery_drain,cpu_pct,4.201149578423933,0
2025-01-01 23:55:00.000,battery_drain,cpu_pct,3.5091133686436162,0
2025-01-01 23:56:00.000,battery_drain,cpu_pct,3.584057208433767,0
2025-01-01 23:57:00.000,battery_drain,cpu_pct,3.0112421112404415,0
2025-01-01 23:58:00.000,battery_drain,cpu_pct,4.166362288615947,0
2025-01-01 23:59:00.000,battery_drain,cpu_pct,3.0635713577716563,0
2025-01-02 00:00:00.000,battery_drain,cpu_pct,54.355458705282985,1
2025-01-02 00:01:00.000,battery_drain,cpu_pct,88.91789152717966,1
2025-01-02 00:02:00.000,battery_drain,cpu_pct,66.0807794799989,1
2025-01-02 00:03:00.000,battery_drain,cpu_pct,66.32414204974673,1
2025-01-02 00:04:00.000,battery_drain,cpu_pct,72.41453574001963,1
2025-01-02 00:05:00.000,battery_drain,cpu_pct,78.71240147647244,1
2025-01-02 00:06:00.000,battery_drain,cpu_pct,71.31433237684534,1
2025-01-02 00:07:00.000,battery_drain,cpu_pct,68.4416178517453,1
2025-01-02 00:08:00.000,battery_drain,cpu_pct,66.18098903891341,1
2025-01-02 00:09:00.000,battery_drain,cpu_pct,69.02752240950088,1
2025-01-02 00:10:00.000,battery_drain,cpu_pct,68.52274925640269,1
2025-01-02 00:11:00.000,battery_drain,cpu_pct,77.17503408314064,1
2025-01-02 00:12:00.000,battery_drain,cpu_pct,77.57726912413902,1
2025-01-02 00:13:00.000,battery_drain,cpu_pct,61.661287199315716,1
2025-01-02 00:14:00.000,battery_drain,cpu_pct,76.3070714845469,1
2025-01-02 00:15:00.000,battery_drain,cpu_pct,74.91657832834572,1
2025-01-02 00:16:00.000,battery_drain,cpu_pct,72.9778415291288,1
2025-01-02 00:17:00.000,battery_drain,cpu_pct,72.38232977224216,1
2025-01-02 00:18:00.000,battery_drain,cpu_pct,66.140839136279,1
2025-01-02 00:19:00.000,battery_drain,cpu_pct,80.31046999588192,1
2025-01-02 00:20:00.000,battery_drain,cpu_pct,58.344767652440936,1
2025-01-02 00:21:00.000,battery_drain,cpu_pct,74.14032896822813,1
2025-01-02 00:22:00.000,battery_drain,cpu_pct,68.69625160395063,1
2025-01-02 00:23:00.000,battery_drain,cpu_pct,94.24893950803028,1
2025-01-02 00:24:00.000,battery_drain,cpu_pct,71.09171897527648,1
2025-01-02 00:25:00.000,battery_drain,cpu_pct,69.59400510739839,1
2025-01-02 00:26:00.000,battery_drain,cpu_pct,60.922236649028584,1
2025-01-02 00:27:00.000,battery_drain,cpu_pct,80.33704244099656,1
2025-01-02 00:28:00.000,battery_drain,cpu_pct,77.8233515240948,1
2025-01-02 00:29:00.000,battery_drain,cpu_pct,84.4657415245819,1
2025-01-02 00:30:00.000,battery_drain,cpu_pct,73.28771199218339,1
2025-01-02 00:31:00.000,battery_drain,cpu_pct,77.0288396126384,1
2025-01-02 00:32:00.000,battery_drain,cpu_pct,60.04830316897315,1
2025-01-02 00:33:00.000,battery_drain,cpu_pct,76.05065194980884,1
2025-01-02 00:34:00.000,battery_drain,cpu_pct,75.59599536957671,1
2025-01-02 00:35:00.000,battery_drain,cpu_pct,66.95712422832959,1
2025-01-02 00:36:00.000,battery_drain,cpu_pct,71.79709819637252,1
2025-01-02 00:37:00.000,battery_drain,cpu_pct,85.68715512014857,1
2025-01-02 00:38:00.000,battery_drain,cpu_pct,66.58678653125419,1
2025-01-02 00:39:00.000,battery_drain,cpu_pct,68.35663314723017,1
2025-01-02 00:40:00.000,battery_drain,cpu_pct,74.62520985121044,1
2025-01-02 00:41:00.000,battery_drain,cpu_pct,76.34129531971708,1
2025-01-02 00:42:00.000,battery_drain,cpu_pct,77.663991726121,1
2025-01-02 00:43:00.000,battery_drain,cpu_pct,79.21182460884039,1
2025-01-02 00:44:00.000,battery_drain,cpu_pct,79.45793257481249,1
2025-01-02 00:45:00.000,battery_drain,cpu_pct,78.20540577589605,1
2025-01-02 00:46:00.000,battery_drain,cpu_pct,66.63348005096731,1
2025-01-02 00:47:00.000,battery_drain,cpu_pct,66.64790203069487,1
2025-01-02 00:48:00.000,battery_drain,cpu_pct,80.44983301682876,1
2025-01-02 00:49:00.000,battery_drain,cpu_pct,82.54313579833551,1
2025-01-02 00:50:00.000,battery_drain,cpu_pct,91.7159389716302,1
2025-01-02 00:51:00.000,battery_drain,cpu_pct,88.04793744646412,1
2025-01-02 00:52:00.000,battery_drain,cpu_pct,76.87114192104842,1
2025-01-02 00:53:00.000,battery_drain,cpu_pct,78.13437023919586,1
2025-01-02 00:54:00.000,battery_drain,cpu_pct,74.95605996195924,1
2025-01-02 00:55:00.000,battery_drain,cpu_pct,81.75287812445045,1
2025-01-02 00:56:00.000,battery_drain,cpu_pct,60.429407729580255,1
2025-01-02 00:57:00.000,battery_drain,cpu_pct,87.57799517227173,1
2025-01-02 00:58:00.000,battery_drain,cpu_pct,69.48023130214241,1
2025-01-02 00:59:00.000,battery_drain,cpu_pct,61.34346116979722,1
2025-01-02 01:00:00.000,battery_drain,cpu_pct,80.15153148571434,1
2025-01-02 01:01:00.000,battery_drain,cpu_pct,76.00521936415136,1
2025-01-02 01:02:00.000,battery_drain,cpu_pct,68.53896009674739,1
2025-01-02 01:03:00.000,battery_drain,cpu_pct,66.06342617652102,1
2025-01-02 01:04:00.000,battery_drain,cpu_pct,68.19557828563046,1
2025-01-02 01:05:00.000,battery_drain,cpu_pct,70.9437843779998,1
2025-01-02 01:06:00.000,battery_drain,cpu_pct,76.68829773402227,1
2025-01-02 01:07:00.000,battery_drain,cpu_pct,71.56199648620463,1
2025-01-02 01:08:00.000,battery_drain,cpu_pct,96.74131239883846,1
2025-01-02 01:09:00.000,battery_drain,cpu_pct,84.2944187920215,1
2025-01-02 01:10:00.000,battery_drain,cpu_pct,67.46703906650927,1
2025-01-02 01:11:00.000,battery_drain,cpu_pct,69.62877353605248,1
2025-01-02 01:12:00.000,battery_drain,cpu_pct,66.98639454102404,1
2025-01-02 01:13:00.000,battery_drain,cpu_pct,76.66646132546026,1
2025-01-02 01:14:00.000,battery_drain,cpu_pct,67.06560877023225,1
2025-01-02 01:15:00.000,battery_drain,cpu_pct,84.99076773436633,1
2025-01-02 01:16:00.000,battery_drain,cpu_pct,59.451832313649135,1
2025-01-02 01:17:00.000,battery_drain,cpu_pct,73.59481992943162,1
2025-01-02 01:18:00.000,battery_drain,cpu_pct,73.20740652105417,1
2025-01-02 01:19:00.000,battery_drain,cpu_pct,68.41766657870728,1
2025-01-02 01:20:00.000,battery_drain,cpu_pct,67.47185946560964,1
2025-01-02 01:21:00.000,battery_drain,cpu_pct,49.17864403767433,1
2025-01-02 01:22:00.000,battery_drain,cpu_pct,76.40811589422086,1
2025-01-02 01:23:00.000,battery_drain,cpu_pct,66.72922901907421,1
2025-01-02 01:24:00.000,battery_drain,cpu_pct,75.55220162477256,1
2025-01-02 01:25:00.000,battery_drain,cpu_pct,79.50042151528771,1
2025-01-02 01:26:00.000,battery_drain,cpu_pct,65.62933008108124,1
2025-01-02 01:27:00.000,battery_drain,cpu_pct,73.86147824443522,1
2025-01-02 01:28:00.000,battery_drain,cpu_pct,71.3549657220461,1
2025-01-02 01:29:00.000,battery_drain,cpu_pct,82.40363709482772,1
2025-01-02 01:30:00.000,battery_drain,cpu_pct,64.14191468986517,1
2025-01-02 01:31:00.000,battery_drain,cpu_pct,48.55872709067459,1
2025-01-02 01:32:00.000,battery_drain,cpu_pct,72.95208523517566,1
2025-01-02 01:33:00.000,battery_drain,cpu_pct,81.95377628353893,1
2025-01-02 01:34:00.000,battery_drain,cpu_pct,80.0226122332494,1
2025-01-02 01:35:00.000,battery_drain,cpu_pct,73.1645472209832,1
2025-01-02 01:36:00.000,battery_drain,cpu_pct,85.46841746531628,1
2025-01-02 01:37:00.000,battery_drain,cpu_pct,76.66550740506659,1
2025-01-02 01:38:00.000,battery_drain,cpu_pct,70.60189778854237,1
2025-01-02 01:39:00.000,battery_drain,cpu_pct,62.35812623237727,1
2025-01-02 01:40:00.000,battery_drain,cpu_pct,64.29264948723868,1
2025-01-02 01:41:00.000,battery_drain,cpu_pct,73.97647600143289,1
2025-01-02 01:42:00.000,battery_drain,cpu_pct,80.75759202674129,1
2025-01-02 01:43:00.000,battery_drain,cpu_pct,71.1911105861115,1
2025-01-02 01:44:00.000,battery_drain,cpu_pct,65.20509377579084,1
2025-01-02 01:45:00.000,battery_drain,cpu_pct,50.32889655202058,1
2025-01-02 01:46:00.000,battery_drain,cpu_pct,71.48448605469478,1
2025-01-02 01:47:00.000,battery_drain,cpu_pct,68.49154314596083,1
2025-01-02 01:48:00.000,battery_drain,cpu_pct,83.46242450111936,1
2025-01-02 01:49:00.000,battery_drain,cpu_pct,68.98542199463047,1
2025-01-02 01:50:00.000,battery_drain,cpu_pct,74.31936715442926,1
2025-01-02 01:51:00.000,battery_drain,cpu_pct,78.1427030404681,1
2025-01-02 01:52:00.000,battery_drain,cpu_pct,70.39946154519616,1
2025-01-02 01:53:00.000,battery_drain,cpu_pct,63.65166285430583,1
2025-01-02 01:54:00.000,battery_drain,cpu_pct,88.88423670365776,1
2025-01-02 01:55:00.000,battery_drain,cpu_pct,67.56993076756277,1
2025-01-02 01:56:00.000,battery_drain,cpu_pct,76.77291541746978,1
2025-01-02 01:57:00.000,battery_drain,cpu_pct,85.890668581527,1
2025-01-02 01:58:00.000,battery_drain,cpu_pct,79.03872238883106,1
2025-01-02 01:59:00.000,battery_drain,cpu_pct,77.52061394710816,1
2025-01-02 02:00:00.000,battery_drain,cpu_pct,74.04903535455144,1
2025-01-02 02:01:00.000,battery_drain,cpu_pct,82.73957038497446,1
2025-01-02 02:02:00.000,battery_drain,cpu_pct,62.74606583441864,1
2025-01-02 02:03:00.000,battery_drain,cpu_pct,70.07934949213721,1
2025-01-02 02:04:00.000,battery_drain,cpu_pct,76.02999954012806,1
2025-01-02 02:05:00.000,battery_drain,cpu_pct,71.66136759573679,1
2025-01-02 02:06:00.000,battery_drain,cpu_pct,84.71638696115028,1
2025-01-02 02:07:00.000,battery_drain,cpu_pct,62.30167379970078,1
2025-01-02 02:08:00.000,battery_drain,cpu_pct,85.05006203225344,1
2025-01-02 02:09:00.000,battery_drain,cpu_pct,83.00258242537191,1
2025-01-02 02:10:00.000,battery_drain,cpu_pct,61.76106983079631,1
2025-01-02 02:11:00.000,battery_drain,cpu_pct,77.56810108457609,1
2025-01-02 02:12:00.000,battery_drain,cpu_pct,66.2517614425216,1
2025-01-02 02:13:00.000,battery_drain,cpu_pct,70.85608496463878,1
2025-01-02 02:14:00.000,battery_drain,cpu_pct,73.7383017365028,1
2025-01-02 02:15:00.000,battery_drain,cpu_pct,61.22631330088167,1
2025-01-02 02:16:00.000,battery_drain,cpu_pct,72.93775398941816,1
2025-01-02 02:17:00.000,battery_drain,cpu_pct,70.08611225363535,1
2025-01-02 02:18:00.000,battery_drain,cpu_pct,81.43287762657178,1
2025-01-02 02:19:00.000,battery_drain,cpu_pct,82.58571807817272,1
2025-01-02 02:20:00.000,battery_drain,cpu_pct,61.27128798339271,1
2025-01-02 02:21:00.000,battery_drain,cpu_pct,78.70395508439901,1
2025-01-02 02:22:00.000,battery_drain,cpu_pct,64.67520006431579,1
2025-01-02 02:23:00.000,battery_drain,cpu_pct,71.52816213915563,1
2025-01-02 02:24:00.000,battery_drain,cpu_pct,65.26395491566842,1
2025-01-02 02:25:00.000,battery_drain,cpu_pct,89.92407178434212,1
2025-01-02 02:26:00.000,battery_drain,cpu_pct,69.9029229166845,1
2025-01-02 02:27:00.000,battery_drain,cpu_pct,58.67174074896061,1
2025-01-02 02:28:00.000,battery_drain,cpu_pct,67.8704142349426,1
2025-01-02 02:29:00.000,battery_drain,cpu_pct,68.7119095680233,1
2025-01-02 02:30:00.000,battery_drain,cpu_pct,61.06007390896657,1
2025-01-02 02:31:00.000,battery_drain,cpu_pct,83.83220758907252,1
2025-01-02 02:32:00.000,battery_drain,cpu_pct,75.02261350972975,1
2025-01-02 02:33:00.000,battery_drain,cpu_pct,70.95913673434794,1
2025-01-02 02:34:00.000,battery_drain,cpu_pct,74.07293947932656,1
2025-01-02 02:35:00.000,battery_drain,cpu_pct,67.17203665208247,1
2025-01-02 02:36:00.000,battery_drain,cpu_pct,74.7649645435113,1
2025-01-02 02:37:00.000,battery_drain,cpu_pct,74.42569156243363,1
2025-01-02 02:38:00.000,battery_drain,cpu_pct,57.848191834207654,1
2025-01-02 02:39:00.000,battery_drain,cpu_pct,77.4437991189458,1
2025-01-02 02:40:00.000,battery_drain,cpu_pct,65.95606646458322,1
2025-01-02 02:41:00.000,battery_drain,cpu_pct,75.75089105086148,1
2025-01-02 02:42:00.000,battery_drain,cpu_pct,71.68311658325064,1
2025-01-02 02:43:00.000,battery_drain,cpu_pct,72.13055231041531,1
2025-01-02 02:44:00.000,battery_drain,cpu_pct,77.10801311641988,1
2025-01-02 02:45:00.000,battery_drain,cpu_pct,88.17613693665133,1
2025-01-02 02:46:00.000,battery_drain,cpu_pct,74.92761529230663,1
2025-01-02 02:47:00.000,battery_drain,cpu_pct,71.30342449371882,1
2025-01-02 02:48:00.000,battery_drain,cpu_pct,59.17623091164894,1
2025-01-02 02:49:00.000,battery_drain,cpu_pct,71.27211495806543,1
2025-01-02 02:50:00.000,battery_drain,cpu_pct,66.47038871875729,1
2025-01-02 02:51:00.000,battery_drain,cpu_pct,84.26999038690725,1
2025-01-02 02:52:00.000,battery_drain,cpu_pct,74.83436988677907,1
2025-01-02 02:53:00.000,battery_drain,cpu_pct,85.61805878138065,1
2025-01-02 02:54:00.000,battery_drain,cpu_pct,68.72883288407975,1
2025-01-02 02:55:00.000,battery_drain,cpu_pct,66.5768613753313,1
2025-01-02 02:56:00.000,battery_drain,cpu_pct,83.89870231107761,1
2025-01-02 02:57:00.000,battery_drain,cpu_pct,64.06818273996635,1
2025-01-02 02:58:00.000,battery_drain,cpu_pct,81.78685216715546,1
2025-01-02 02:59:00.000,battery_drain,cpu_pct,75.05143021431681,1
2025-01-02 03:00:00.000,battery_drain,cpu_pct,66.54129297594716,1
2025-01-02 03:01:00.000,battery_drain,cpu_pct,77.96157282752887,1
2025-01-02 03:02:00.000,battery_drain,cpu_pct,64.71454481186544,1
2025-01-02 03:03:00.000,battery_drain,cpu_pct,70.05549568778709,1
2025-01-02 03:04:00.000,battery_drain,cpu_pct,67.11848122817351,1
2025-01-02 03:05:00.000,battery_drain,cpu_pct,79.94453072640567,1
2025-01-02 03:06:00.000,battery_drain,cpu_pct,65.40092190420162,1
2025-01-02 03:07:00.000,battery_drain,cpu_pct,82.64244751136081,1
2025-01-02 03:08:00.000,battery_drain,cpu_pct,70.94412168441795,1
2025-01-02 03:09:00.000,battery_drain,cpu_pct,82.07227368658697,1
2025-01-02 03:10:00.000,battery_drain,cpu_pct,74.4064399134186,1
2025-01-02 03:11:00.000,battery_drain,cpu_pct,60.33787099822965,1
2025-01-02 03:12:00.000,battery_drain,cpu_pct,87.87138419119243,1
2025-01-02 03:13:00.000,battery_drain,cpu_pct,77.19858262005768,1
2025-01-02 03:14:00.000,battery_drain,cpu_pct,84.54010939268589,1
2025-01-02 03:15:00.000,battery_drain,cpu_pct,60.553010514959674,1
2025-01-02 03:16:00.000,battery_drain,cpu_pct,51.86729644878069,1
2025-01-02 03:17:00.000,battery_drain,cpu_pct,84.95769868347028,1
2025-01-02 03:18:00.000,battery_drain,cpu_pct,70.91858505252456,1
2025-01-02 03:19:00.000,battery_drain,cpu_pct,73.61141651806614,1
2025-01-02 03:20:00.000,battery_drain,cpu_pct,66.21245517817486,1
2025-01-02 03:21:00.000,battery_drain,cpu_pct,66.49386768591927,1
2025-01-02 03:22:00.000,battery_drain,cpu_pct,70.60398770858504,1
2025-01-02 03:23:00.000,battery_drain,cpu_pct,76.29574205977939,1
2025-01-02 03:24:00.000,battery_drain,cpu_pct,66.26337142512023,1
2025-01-02 03:25:00.000,battery_drain,cpu_pct,63.60954339629232,1
2025-01-02 03:26:00.000,battery_drain,cpu_pct,71.40185258984054,1
2025-01-02 03:27:00.000,battery_drain,cpu_pct,80.03064674412238,1
2025-01-02 03:28:00.000,battery_drain,cpu_pct,70.72166911367667,1
2025-01-02 03:29:00.000,battery_drain,cpu_pct,66.4455257771119,1
2025-01-02 03:30:00.000,battery_drain,cpu_pct,78.3912454422823,1
2025-01-02 03:31:00.000,battery_drain,cpu_pct,73.24403507233528,1
2025-01-02 03:32:00.000,battery_drain,cpu_pct,59.68621756004438,1
2025-01-02 03:33:00.000,battery_drain,cpu_pct,61.2839111153955,1
2025-01-02 03:34:00.000,battery_drain,cpu_pct,75.24548561849905,1
2025-01-02 03:35:00.000,battery_drain,cpu_pct,78.44521049704761,1
2025-01-02 03:36:00.000,battery_drain,cpu_pct,74.95691710042239,1
2025-01-02 03:37:00.000,battery_drain,cpu_pct,78.94307416504934,1
2025-01-02 03:38:00.000,battery_drain,cpu_pct,77.77786076143317,1
2025-01-02 03:39:00.000,battery_drain,cpu_pct,64.14294373122358,1
2025-01-02 03:40:00.000,battery_drain,cpu_pct,76.8876193299202,1
2025-01-02 03:41:00.000,battery_drain,cpu_pct,80.85262426407144,1
2025-01-02 03:42:00.000,battery_drain,cpu_pct,75.25698292951623,1
2025-01-02 03:43:00.000,battery_drain,cpu_pct,83.57140577609235,1
2025-01-02 03:44:00.000,battery_drain,cpu_pct,60.21933208155637,1
2025-01-02 03:45:00.000,battery_drain,cpu_pct,83.74774525131659,1
2025-01-02 03:46:00.000,battery_drain,cpu_pct,66.61585582431181,1
2025-01-02 03:47:00.000,battery_drain,cpu_pct,83.78159167413361,1
2025-01-02 03:48:00.000,battery_drain,cpu_pct,78.10256255670615,1
2025-01-02 03:49:00.000,battery_drain,cpu_pct,64.8085740203289,1
2025-01-02 03:50:00.000,battery_drain,cpu_pct,78.03158274496298,1
2025-01-02 03:51:00.000,battery_drain,cpu_pct,71.76770809926066,1
2025-01-02 03:52:00.000,battery_drain,cpu_pct,65.00637721344607,1
2025-01-02 03:53:00.000,battery_drain,cpu_pct,66.52718089388136,1
2025-01-02 03:54:00.000,battery_drain,cpu_pct,76.97442776777648,1
2025-01-02 03:55:00.000,battery_drain,cpu_pct,79.45026048187461,1
2025-01-02 03:56:00.000,battery_drain,cpu_pct,72.45689455874795,1
2025-01-02 03:57:00.000,battery_drain,cpu_pct,71.6211757337301,1
2025-01-02 03:58:00.000,battery_drain,cpu_pct,65.23392143039648,1
2025-01-02 03:59:00.000,battery_drain,cpu_pct,69.52217622752619,1
2025-01-02 04:00:00.000,battery_drain,cpu_pct,62.35209198396087,1
2025-01-02 04:01:00.000,battery_drain,cpu_pct,76.2813980637642,1
2025-01-02 04:02:00.000,battery_drain,cpu_pct,78.50151615734221,1
2025-01-02 04:03:00.000,battery_drain,cpu_pct,83.20122722030429,1
2025-01-02 04:04:00.000,battery_drain,cpu_pct,87.66544533983773,1
2025-01-02 04:05:00.000,battery_drain,cpu_pct,76.51874173737053,1
2025-01-02 04:06:00.000,battery_drain,cpu_pct,62.52233438718069,1
2025-01-02 04:07:00.000,battery_drain,cpu_pct,83.26937688327092,1
2025-01-02 04:08:00.000,battery_drain,cpu_pct,72.01051166788257,1
2025-01-02 04:09:00.000,battery_drain,cpu_pct,73.47145163428472,1
2025-01-02 04:10:00.000,battery_drain,cpu_pct,64.62365814551362,1
2025-01-02 04:11:00.000,battery_drain,cpu_pct,57.29912295248308,1
2025-01-02 04:12:00.000,battery_drain,cpu_pct,73.63469665191688,1
2025-01-02 04:13:00.000,battery_drain,cpu_pct,76.48920328978895,1
2025-01-02 04:14:00.000,battery_drain,cpu_pct,79.96189133287747,1
2025-01-02 04:15:00.000,battery_drain,cpu_pct,76.71129017331523,1
2025-01-02 04:16:00.000,battery_drain,cpu_pct,72.87389493910266,1
2025-01-02 04:17:00.000,battery_drain,cpu_pct,91.84078301424567,1
2025-01-02 04:18:00.000,battery_drain,cpu_pct,76.02984048264472,1
2025-01-02 04:19:00.000,battery_drain,cpu_pct,69.94696051776349,1
2025-01-02 04:20:00.000,battery_drain,cpu_pct,58.321438997832956,1
2025-01-02 04:21:00.000,battery_drain,cpu_pct,79.02751602808294,1
2025-01-02 04:22:00.000,battery_drain,cpu_pct,68.51903633679633,1
2025-01-02 04:23:00.000,battery_drain,cpu_pct,69.34043886509795,1
2025-01-02 04:24:00.000,battery_drain,cpu_pct,78.32504872237253,1
2025-01-02 04:25:00.000,battery_drain,cpu_pct,88.43905389996591,1
2025-01-02 04:26:00.000,battery_drain,cpu_pct,65.2636055889062,1
2025-01-02 04:27:00.000,battery_drain,cpu_pct,59.67595711836138,1
2025-01-02 04:28:00.000,battery_drain,cpu_pct,78.84518930028254,1
2025-01-02 04:29:00.000,battery_drain,cpu_pct,67.86396671292785,1
2025-01-02 04:30:00.000,battery_drain,cpu_pct,66.69514393166097,1
2025-01-02 04:31:00.000,battery_drain,cpu_pct,82.10306180481578,1
2025-01-02 04:32:00.000,battery_drain,cpu_pct,74.99566332009714,1
2025-01-02 04:33:00.000,battery_drain,cpu_pct,64.28713739343084,1
2025-01-02 04:34:00.000,battery_drain,cpu_pct,63.47658316451799,1
2025-01-02 04:35:00.000,battery_drain,cpu_pct,67.79060392241048,1
2025-01-02 04:36:00.000,battery_drain,cpu_pct,70.09176851955829,1
2025-01-02 04:37:00.000,battery_drain,cpu_pct,71.64429594682282,1
2025-01-02 04:38:00.000,battery_drain,cpu_pct,67.34054391175663,1
2025-01-02 04:39:00.000,battery_drain,cpu_pct,72.5442203375172,1
2025-01-02 04:40:00.000,battery_drain,cpu_pct,83.25255599736204,1
2025-01-02 04:41:00.000,battery_drain,cpu_pct,74.47387477284636,1
2025-01-02 04:42:00.000,battery_drain,cpu_pct,74.24002641227504,1
2025-01-02 04:43:00.000,battery_drain,cpu_pct,76.59900380240265,1
2025-01-02 04:44:00.000,battery_drain,cpu_pct,53.7821280344601,1
2025-01-02 04:45:00.000,battery_drain,cpu_pct,93.66148415045782,1
2025-01-02 04:46:00.000,battery_drain,cpu_pct,81.48753523421574,1
2025-01-02 04:47:00.000,battery_drain,cpu_pct,72.86051644205347,1
2025-01-02 04:48:00.000,battery_drain,cpu_pct,80.74338370499034,1
2025-01-02 04:49:00.000,battery_drain,cpu_pct,71.21818810494307,1
2025-01-02 04:50:00.000,battery_drain,cpu_pct,65.08318349111963,1
2025-01-02 04:51:00.000,battery_drain,cpu_pct,79.84984914479367,1
2025-01-02 04:52:00.000,battery_drain,cpu_pct,76.4898059988046,1
2025-01-02 04:53:00.000,battery_drain,cpu_pct,86.62009160456935,1
2025-01-02 04:54:00.000,battery_drain,cpu_pct,70.21255209577433,1
2025-01-02 04:55:00.000,battery_drain,cpu_pct,69.65046264147163,1
2025-01-02 04:56:00.000,battery_drain,cpu_pct,64.6161889151007,1
2025-01-02 04:57:00.000,battery_drain,cpu_pct,75.94140701591259,1
2025-01-02 04:58:00.000,battery_drain,cpu_pct,80.57347633345886,1
2025-01-02 04:59:00.000,battery_drain,cpu_pct,60.71222709132643,1
2025-01-02 05:00:00.000,battery_drain,cpu_pct,77.4716810386096,1
2025-01-02 05:01:00.000,battery_drain,cpu_pct,71.94504839108387,1
2025-01-02 05:02:00.000,battery_drain,cpu_pct,76.50692948117876,1
2025-01-02 05:03:00.000,battery_drain,cpu_pct,81.90626568243694,1
2025-01-02 05:04:00.000,battery_drain,cpu_pct,66.82606618773292,1
2025-01-02 05:05:00.000,battery_drain,cpu_pct,62.540387119706054,1
2025-01-02 05:06:00.000,battery_drain,cpu_pct,76.09400308774039,1
2025-01-02 05:07:00.000,battery_drain,cpu_pct,64.03548629989156,1
2025-01-02 05:08:00.000,battery_drain,cpu_pct,64.02502813754255,1
2025-01-02 05:09:00.000,battery_drain,cpu_pct,61.53444084597961,1
2025-01-02 05:10:00.000,battery_drain,cpu_pct,90.82796431822236,1
2025-01-02 05:11:00.000,battery_drain,cpu_pct,52.49765220476242,1
2025-01-02 05:12:00.000,battery_drain,cpu_pct,79.8939637797815,1
2025-01-02 05:13:00.000,battery_drain,cpu_pct,74.83236325462137,1
2025-01-02 05:14:00.000,battery_drain,cpu_pct,80.71482851219822,1
2025-01-02 05:15:00.000,battery_drain,cpu_pct,77.9018470809211,1
2025-01-02 05:16:00.000,battery_drain,cpu_pct,80.20124464664953,1
2025-01-02 05:17:00.000,battery_drain,cpu_pct,69.75658264768938,1
2025-01-02 05:18:00.000,battery_drain,cpu_pct,71.39001068541879,1
2025-01-02 05:19:00.000,battery_drain,cpu_pct,74.32386563806442,1
2025-01-02 05:20:00.000,battery_drain,cpu_pct,86.97742679718043,1
2025-01-02 05:21:00.000,battery_drain,cpu_pct,68.25735946563307,1
2025-01-02 05:22:00.000,battery_drain,cpu_pct,66.00430234314457,1
2025-01-02 05:23:00.000,battery_drain,cpu_pct,64.97709553982567,1
2025-01-02 05:24:00.000,battery_drain,cpu_pct,61.61143988207053,1
2025-01-02 05:25:00.000,battery_drain,cpu_pct,68.7850549687234,1
2025-01-02 05:26:00.000,battery_drain,cpu_pct,59.41147575040035,1
2025-01-02 05:27:00.000,battery_drain,cpu_pct,75.59993306715955,1
2025-01-02 05:28:00.000,battery_drain,cpu_pct,62.7780615795204,1
2025-01-02 05:29:00.000,battery_drain,cpu_pct,68.60488212430455,1
2025-01-02 05:30:00.000,battery_drain,cpu_pct,66.67065818484598,1
2025-01-02 05:31:00.000,battery_drain,cpu_pct,83.61507536735267,1
2025-01-02 05:32:00.000,battery_drain,cpu_pct,85.52779948124075,1
2025-01-02 05:33:00.000,battery_drain,cpu_pct,75.93313187300186,1
2025-01-02 05:34:00.000,battery_drain,cpu_pct,71.70241716330864,1
2025-01-02 05:35:00.000,battery_drain,cpu_pct,76.25046099887317,1
2025-01-02 05:36:00.000,battery_drain,cpu_pct,83.09361954550614,1
2025-01-02 05:37:00.000,battery_drain,cpu_pct,57.91091525037614,1
2025-01-02 05:38:00.000,battery_drain,cpu_pct,84.19747377032954,1
2025-01-02 05:39:00.000,battery_drain,cpu_pct,62.98230048088358,1
2025-01-02 05:40:00.000,battery_drain,cpu_pct,80.68753418058319,1
2025-01-02 05:41:00.000,battery_drain,cpu_pct,64.22506607978976,1
2025-01-02 05:42:00.000,battery_drain,cpu_pct,77.23844493522459,1
2025-01-02 05:43:00.000,battery_drain,cpu_pct,78.176909546015,1
2025-01-02 05:44:00.000,battery_drain,cpu_pct,75.58847455907538,1
2025-01-02 05:45:00.000,battery_drain,cpu_pct,68.83767289376203,1
2025-01-02 05:46:00.000,battery_drain,cpu_pct,68.00073768619131,1
2025-01-02 05:47:00.000,battery_drain,cpu_pct,63.40172949208525,1
2025-01-02 05:48:00.000,battery_drain,cpu_pct,79.19446984752226,1
2025-01-02 05:49:00.000,battery_drain,cpu_pct,87.37719354330076,1
2025-01-02 05:50:00.000,battery_drain,cpu_pct,77.44107087475815,1
2025-01-02 05:51:00.000,battery_drain,cpu_pct,52.7885967325461,1
2025-01-02 05:52:00.000,battery_drain,cpu_pct,62.311795398231666,1
2025-01-02 05:53:00.000,battery_drain,cpu_pct,74.53231106434612,1
2025-01-02 05:54:00.000,battery_drain,cpu_pct,85.34490006838769,1
2025-01-02 05:55:00.000,battery_drain,cpu_pct,72.67927937159399,1
2025-01-02 05:56:00.000,battery_drain,cpu_pct,66.48713223347568,1
2025-01-02 05:57:00.000,battery_drain,cpu_pct,79.180118799007,1
2025-01-02 05:58:00.000,battery_drain,cpu_pct,74.01230058589853,1
2025-01-02 05:59:00.000,battery_drain,cpu_pct,75.93319345868667,1
2025-01-02 06:00:00.000,battery_drain,cpu_pct,81.03761243293643,1
2025-01-02 06:01:00.000,battery_drain,cpu_pct,72.97739344802469,1
2025-01-02 06:02:00.000,battery_drain,cpu_pct,79.44472108401236,1
2025-01-02 06:03:00.000,battery_drain,cpu_pct,69.46426731059037,1
2025-01-02 06:04:00.000,battery_drain,cpu_pct,74.97062954298198,1
2025-01-02 06:05:00.000,battery_drain,cpu_pct,67.30043181195686,1
2025-01-02 06:06:00.000,battery_drain,cpu_pct,70.08704828281236,1
2025-01-02 06:07:00.000,battery_drain,cpu_pct,63.87588765349235,1
2025-01-02 06:08:00.000,battery_drain,cpu_pct,68.90497145953299,1
2025-01-02 06:09:00.000,battery_drain,cpu_pct,65.82070641212071,1
2025-01-02 06:10:00.000,battery_drain,cpu_pct,93.63605276328485,1
2025-01-02 06:11:00.000,battery_drain,cpu_pct,68.01251927115776,1
2025-01-02 06:12:00.000,battery_drain,cpu_pct,63.75108985883759,1
2025-01-02 06:13:00.000,battery_drain,cpu_pct,78.69270363838169,1
2025-01-02 06:14:00.000,battery_drain,cpu_pct,80.33234483917606,1
2025-01-02 06:15:00.000,battery_drain,cpu_pct,66.9289339660139,1
2025-01-02 06:16:00.000,battery_drain,cpu_pct,77.67224840662588,1
2025-01-02 06:17:00.000,battery_drain,cpu_pct,76.31264040674137,1
2025-01-02 06:18:00.000,battery_drain,cpu_pct,58.50914024177205,1
2025-01-02 06:19:00.000,battery_drain,cpu_pct,61.56310523698647,1
2025-01-02 06:20:00.000,battery_drain,cpu_pct,58.67389189470146,1
2025-01-02 06:21:00.000,battery_drain,cpu_pct,75.23783274383824,1
2025-01-02 06:22:00.000,battery_drain,cpu_pct,79.08732196318714,1
2025-01-02 06:23:00.000,battery_drain,cpu_pct,77.61502035984503,1
2025-01-02 06:24:00.000,battery_drain,cpu_pct,76.65333270308746,1
2025-01-02 06:25:00.000,battery_drain,cpu_pct,76.28908052224274,1
2025-01-02 06:26:00.000,battery_drain,cpu_pct,70.10293271997362,1
2025-01-02 06:27:00.000,battery_drain,cpu_pct,64.58258933739063,1
2025-01-02 06:28:00.000,battery_drain,cpu_pct,81.29574289371239,1
2025-01-02 06:29:00.000,battery_drain,cpu_pct,75.2658744697785,1
2025-01-02 06:30:00.000,battery_drain,cpu_pct,71.0142629964041,1
2025-01-02 06:31:00.000,battery_drain,cpu_pct,62.58062925681755,1
2025-01-02 06:32:00.000,battery_drain,cpu_pct,81.14837777085351,1
2025-01-02 06:33:00.000,battery_drain,cpu_pct,67.0567557680726,1
2025-01-02 06:34:00.000,battery_drain,cpu_pct,72.98021471339295,1
2025-01-02 06:35:00.000,battery_drain,cpu_pct,72.12476158475461,1
2025-01-02 06:36:00.000,battery_drain,cpu_pct,76.19226835087385,1
2025-01-02 06:37:00.000,battery_drain,cpu_pct,56.8193763410016,1
2025-01-02 06:38:00.000,battery_drain,cpu_pct,80.02689959217844,1
2025-01-02 06:39:00.000,battery_drain,cpu_pct,91.63627353654947,1
2025-01-02 06:40:00.000,battery_drain,cpu_pct,82.58267583788644,1
2025-01-02 06:41:00.000,battery_drain,cpu_pct,82.09898818317008,1
2025-01-02 06:42:00.000,battery_drain,cpu_pct,85.79233375694649,1
2025-01-02 06:43:00.000,battery_drain,cpu_pct,70.95481017043254,1
2025-01-02 06:44:00.000,battery_drain,cpu_pct,71.93634677680147,1
2025-01-02 06:45:00.000,battery_drain,cpu_pct,75.9999767206772,1
2025-01-02 06:46:00.000,battery_drain,cpu_pct,79.94643369565385,1
2025-01-02 06:47:00.000,battery_drain,cpu_pct,57.92846991428659,1
2025-01-02 06:48:00.000,battery_drain,cpu_pct,79.33157013687338,1
2025-01-02 06:49:00.000,battery_drain,cpu_pct,84.92772135361753,1
2025-01-02 06:50:00.000,battery_drain,cpu_pct,61.724926260698886,1
2025-01-02 06:51:00.000,battery_drain,cpu_pct,85.18141887909256,1
2025-01-02 06:52:00.000,battery_drain,cpu_pct,65.92887092587225,1
2025-01-02 06:53:00.000,battery_drain,cpu_pct,74.26802125095205,1
2025-01-02 06:54:00.000,battery_drain,cpu_pct,74.62490068847512,1
2025-01-02 06:55:00.000,battery_drain,cpu_pct,64.78533512227641,1
2025-01-02 06:56:00.000,battery_drain,cpu_pct,62.6090815793692,1
2025-01-02 06:57:00.000,battery_drain,cpu_pct,87.84818744288614,1
2025-01-02 06:58:00.000,battery_drain,cpu_pct,65.47366117163014,1
2025-01-02 06:59:00.000,battery_drain,cpu_pct,70.15703946468487,1
